date,ABCB4,ABEV3,ANIM3,AGRO3,ALPA3,ALPA4,AMAR3,ARZZ3,AZUL4,B3SA3,BBAS3,BBDC3,BBSE3,BEEF3,BIDI3,BKBR3,BPAC3,BRAP3,BRDT3,BRFS3,BRSR3,BRKM3,BRML3,BTOW3,CAML3,CARD3,CCRO3,CEAB3,CIEL3,CMIG3,CNTO3,COGN3,CPFE3,CPLE3,CRFB3,CSMG3,CSAN3,CSNA3,CVCB3,CYRE3,DIRR3,DTEX3,ECOR3,EGIE3,ELET3,ELET3,EMBR3,ENAT3,ENBR3,ENGI3,EVEN3,EQTL3,ETER3,EZTC3,FESA4,FHER3,FLRY3,GFSA3,GGBR3,GNDI3,GOAU3,GOLL4,GRND3,GUAR3,HAPV3,HGTX3,HYPE3,IGTA3,IRBR3,ITSA3,ITUB3,JBSS3,JHSF3,KLBN11,LAME3,LEVE3,LIGT3,LINX3,LLIS3,LOGN3,LREN3,LWSA3,MDIA3,MEAL3,MGLU3,MILS3,MRFG3,MRVE3,MULT3,MYPK3,NEOE3,NTCO3,OIBR3,OMGE3,PSSA3,PCAR3,PFRM3,PETR3,POMO3,POSI3,PRIO3,PTBL3,QUAL3,RADL3,RAIL3,RAPT3,RLOG3,RENT3,SANB11,SAPR11,SBSP3,SHUL4,SMTO3,SQIA3,STBP3,SULA3,SUZB3,TASA3,TCSA3,TGMA3,TAEE3,TIMS3,TOTS3,TRIS3,TUPY3,UGPA3,UNIP6,USIM5,VALE3,VIVT3,VLID3,VULC3,VVAR3,WEGE3,WIZS3,YDUQ3
2016-02-21,12,10,0,15,0,0,3,3,0,0,16,0,16,0,0,0,0,0,0,1,0,0,0,0,0,3,5,0,2,6,0,0,13,0,0,0,7,12,1,3,7,0,20,0,0,0,1,0,0,0,0,16,5,12,7,0,0,3,33,0,35,4,4,0,0,6,4,0,0,0,4,3,0,0,0,0,18,0,32,8,2,0,0,2,0,0,1,3,0,0,0,0,1,0,6,0,0,6,0,0,1,0,0,6,0,0,0,0,3,0,9,5,0,0,0,0,0,0,0,0,0,0,4,0,0,10,4,21,0,0,0,10,0,4,0,0
2016-02-28,6,10,9,7,40,11,0,3,0,0,17,7,10,12,0,0,0,27,0,1,0,0,3,0,0,0,3,0,4,19,0,0,26,0,0,7,9,13,2,6,4,0,10,0,1,1,6,0,0,0,2,0,16,8,29,0,0,3,32,0,0,7,7,15,0,9,0,0,0,3,2,5,1,5,8,0,6,0,6,0,2,0,4,0,2,0,0,0,0,0,0,0,1,0,0,0,0,12,0,0,2,0,2,9,0,0,29,0,5,0,8,0,13,0,0,0,2,0,0,30,0,0,3,4,0,0,0,29,2,0,0,5,0,2,0,0
2016-03-06,0,13,0,0,0,0,3,3,0,0,28,5,5,3,0,0,0,13,0,3,0,0,6,8,0,3,8,0,3,12,0,0,40,0,0,0,5,15,2,0,7,12,10,0,3,3,14,0,2,14,0,0,7,12,15,3,0,17,98,0,35,6,7,0,0,3,8,0,0,0,4,3,0,3,0,0,0,0,6,0,7,0,0,0,1,7,1,0,0,0,0,0,1,0,12,0,6,15,9,0,0,0,0,12,0,27,17,0,3,0,0,5,7,0,0,0,3,0,0,45,0,0,0,0,5,10,4,75,2,0,6,0,0,3,0,0
2016-03-13,0,9,26,14,0,22,0,3,0,0,36,7,16,0,0,0,0,0,0,4,0,0,0,5,0,6,5,0,1,6,0,0,0,20,0,4,5,12,0,9,11,0,14,0,0,0,19,0,0,0,0,5,9,24,36,3,0,10,54,0,0,5,4,0,0,3,8,0,0,3,7,4,0,0,8,0,0,0,13,4,2,0,0,2,1,0,1,0,0,0,0,0,1,0,0,3,0,13,0,0,2,5,0,9,0,0,17,2,0,0,4,0,0,0,0,0,2,0,0,0,0,0,7,0,0,0,0,53,2,0,0,0,0,2,0,0
2016-03-20,12,9,9,0,0,0,0,0,0,0,21,0,13,3,0,0,0,0,0,1,0,8,0,3,0,3,3,0,2,20,0,0,0,22,0,0,7,13,1,6,4,6,5,0,2,2,9,0,0,0,2,0,5,12,7,0,0,3,45,0,24,7,7,0,0,3,4,0,0,7,2,3,0,0,0,10,6,2,7,4,2,0,4,3,1,7,0,0,0,0,0,0,1,0,0,0,0,13,0,0,2,0,0,9,0,0,6,0,11,0,4,5,0,0,0,0,0,0,1,46,0,0,4,0,0,3,7,38,1,0,6,0,0,1,0,0
2016-03-27,18,10,0,14,0,0,0,0,0,0,25,0,12,0,0,0,0,0,0,4,0,0,3,0,0,0,8,0,1,31,0,0,0,0,0,3,5,24,1,11,7,0,19,0,4,4,6,0,0,0,7,0,7,4,7,0,0,3,32,0,23,4,10,0,0,3,0,0,0,0,3,3,0,3,0,9,18,1,0,0,0,0,0,4,0,7,1,0,11,4,0,0,0,0,0,3,0,10,0,1,5,5,2,0,0,0,17,2,11,0,4,0,0,0,0,0,0,0,2,15,0,0,7,0,0,0,0,23,1,0,6,0,0,2,0,0
2016-04-03,18,9,9,7,0,0,3,0,0,0,18,0,12,0,0,0,0,13,0,2,0,0,6,8,0,0,5,0,2,12,0,0,40,20,0,0,5,12,0,0,0,0,24,0,2,2,2,0,4,0,2,5,14,8,87,0,0,3,0,0,0,3,0,0,0,6,4,0,0,0,5,4,2,3,8,0,18,0,0,0,4,0,0,5,0,0,1,0,6,0,0,0,1,0,6,3,0,8,9,0,2,0,0,14,0,0,23,7,3,0,4,10,7,0,0,0,0,0,1,15,0,0,7,0,0,0,0,34,1,0,6,5,0,3,0,0
2016-04-10,18,9,17,21,0,21,0,0,0,0,21,7,15,0,0,0,0,0,0,4,0,0,6,3,0,6,8,0,4,6,0,0,0,0,0,0,14,25,0,3,4,6,10,0,2,2,14,0,0,0,4,5,4,12,28,0,0,6,42,0,11,4,17,0,0,7,4,0,0,0,3,4,1,8,0,0,18,0,0,0,9,0,0,0,0,27,0,0,6,0,0,0,1,0,12,0,24,11,17,1,1,0,4,3,0,53,11,2,5,0,4,5,7,0,0,0,0,0,0,15,0,0,10,4,5,9,0,55,2,8,11,0,0,1,0,0
2016-04-17,0,9,17,14,0,22,0,0,0,0,24,0,15,3,0,0,0,0,0,2,0,0,0,0,0,0,8,0,4,18,0,0,0,20,0,0,9,16,1,8,4,12,10,0,1,1,6,0,0,14,2,0,9,12,50,0,0,10,75,0,34,4,14,0,0,6,4,0,0,3,2,6,0,5,0,9,12,0,0,0,4,0,0,0,1,0,1,5,0,4,0,0,1,0,0,0,0,9,0,0,2,0,0,9,0,0,23,0,3,0,0,10,0,0,0,0,0,0,1,0,0,0,3,0,0,3,7,53,1,0,0,5,0,3,0,0
2016-04-24,6,14,34,36,0,11,6,0,0,0,17,5,21,3,0,0,0,13,0,5,8,0,3,3,0,0,4,0,4,6,0,0,0,0,0,0,16,19,0,3,4,0,19,0,6,6,6,0,2,0,14,0,0,8,14,0,0,10,22,0,69,3,11,0,0,8,4,0,0,3,9,4,2,3,8,10,54,0,6,8,4,0,0,2,1,14,4,5,0,0,0,0,1,0,6,0,0,9,17,1,2,10,6,3,0,0,29,9,0,0,4,15,7,0,0,0,0,0,1,0,0,0,7,0,0,0,0,38,1,0,0,0,0,1,0,0
2016-05-01,6,10,0,22,41,22,3,0,0,0,21,2,11,3,0,0,0,14,0,4,0,0,9,6,0,0,5,0,3,13,0,0,27,0,0,4,5,15,1,0,0,25,20,0,2,2,12,0,4,0,9,11,7,16,29,0,0,7,33,0,12,9,4,0,0,5,4,0,0,3,7,6,0,5,0,0,43,0,0,8,7,0,4,2,1,14,0,0,12,0,0,0,1,0,6,0,0,10,9,1,1,16,4,9,0,28,12,5,0,0,4,0,0,0,0,0,0,0,2,0,0,0,4,4,17,3,0,55,2,0,17,0,0,1,0,0
2016-05-08,6,12,0,0,0,21,0,0,0,0,24,7,20,6,0,0,0,13,0,4,0,0,14,5,0,9,10,0,2,24,0,0,12,0,0,0,0,26,1,3,0,0,9,0,3,3,8,0,0,0,4,5,4,19,48,0,0,25,41,0,0,8,0,0,0,4,8,0,0,0,3,12,0,7,8,5,12,0,6,11,2,0,0,1,1,7,0,0,0,4,0,0,1,0,12,0,0,10,0,0,0,20,2,8,0,26,11,0,0,0,4,15,7,0,0,0,0,0,3,14,0,0,3,0,15,6,0,45,1,0,11,0,0,4,0,0
2016-05-15,6,5,0,20,0,93,0,5,0,0,20,2,19,0,0,0,0,0,0,5,0,0,8,18,0,29,10,0,2,12,0,0,0,0,0,3,13,14,0,0,0,0,23,0,5,5,2,0,0,0,9,5,6,11,27,5,0,15,40,0,32,3,7,0,0,3,12,5,0,0,3,11,1,2,0,0,11,0,6,8,4,0,0,3,0,7,4,2,0,4,0,0,1,0,11,0,6,11,8,5,1,5,3,8,0,0,11,4,3,0,0,0,0,0,0,0,0,0,0,0,0,0,6,0,10,3,0,54,2,0,11,5,0,2,0,0
2016-05-22,0,7,9,7,41,11,0,0,0,0,20,2,18,0,0,0,0,0,0,1,0,0,0,0,0,6,0,0,3,13,0,0,14,0,0,0,5,18,0,0,4,0,10,0,4,4,10,0,0,0,5,5,0,16,0,0,0,7,0,0,12,4,15,0,0,2,4,0,0,0,2,4,0,8,0,10,19,0,7,4,0,0,4,2,0,7,0,3,0,0,0,0,1,0,0,0,0,6,18,1,0,5,4,6,0,28,0,0,8,0,0,0,0,0,0,0,0,0,0,0,0,0,4,0,11,7,4,35,2,4,0,0,0,1,0,0
2016-05-29,0,7,8,28,0,0,6,3,0,0,20,5,12,6,0,0,0,13,0,2,0,0,0,5,0,6,5,0,5,12,0,0,13,0,0,0,11,10,0,0,4,0,39,0,1,1,5,0,2,0,4,0,2,4,35,0,0,13,11,0,11,4,3,0,0,3,4,5,0,6,2,2,3,5,0,0,24,0,13,12,0,0,8,4,1,0,1,0,6,0,0,0,2,0,0,3,0,8,8,1,0,0,4,3,0,0,0,2,3,0,0,5,0,0,0,0,0,0,1,15,0,0,3,0,21,9,0,26,1,0,11,0,0,2,0,0
2016-06-05,12,6,0,14,0,33,3,0,0,0,21,5,16,3,0,0,0,0,0,4,8,0,0,16,0,6,5,0,1,24,0,0,13,0,0,4,5,23,1,6,4,6,29,0,3,3,11,0,0,0,7,0,2,0,36,0,0,26,32,0,11,8,7,7,0,5,8,0,0,3,4,6,1,5,0,0,6,0,19,4,0,0,0,0,0,7,3,5,0,0,0,0,3,0,0,0,6,7,17,1,0,0,0,6,0,27,0,2,3,0,4,0,7,0,0,0,0,0,0,0,0,0,0,0,11,6,0,34,1,0,11,0,0,1,0,0
2016-06-12,0,3,17,7,0,11,0,0,0,0,21,0,16,6,0,0,0,0,0,2,0,0,0,8,0,3,8,0,0,19,0,0,13,0,0,0,7,13,0,0,4,12,15,0,3,3,8,0,2,0,9,0,5,12,15,11,0,10,22,0,0,3,0,7,0,9,4,0,0,10,4,4,0,3,0,5,55,0,13,4,4,0,4,0,0,0,1,0,0,0,0,0,3,0,0,0,0,6,0,0,3,0,2,12,0,27,29,0,0,0,4,0,0,0,0,0,0,0,1,0,0,0,0,0,5,10,4,65,1,4,6,0,0,1,0,0
2016-06-19,0,1,9,30,41,11,0,0,0,0,29,10,14,6,0,0,0,0,0,10,0,0,3,6,0,6,9,0,3,13,0,0,41,0,0,0,7,23,0,6,4,0,15,0,5,5,5,0,0,0,2,5,7,8,30,3,2,24,11,0,24,10,7,0,0,6,4,0,0,0,2,8,1,5,0,0,62,0,0,0,2,0,0,2,0,7,1,8,0,0,0,0,5,0,12,0,6,8,0,1,1,5,2,9,0,0,24,7,6,0,0,0,7,0,0,0,0,0,6,15,0,0,0,0,11,3,0,49,1,0,18,0,0,2,0,0
2016-06-26,6,8,0,44,41,11,0,0,0,0,22,5,16,12,0,0,0,0,0,2,0,0,0,6,0,15,12,0,1,32,0,0,0,0,0,0,0,21,1,6,0,0,25,0,3,3,10,0,2,0,5,5,7,8,37,3,0,10,22,0,12,9,11,0,0,3,26,0,0,3,0,4,2,13,0,5,18,0,13,0,4,0,0,0,0,14,1,0,0,4,0,0,3,0,6,0,0,5,0,0,0,11,2,6,0,0,6,2,6,0,0,0,7,0,0,0,0,0,2,31,0,0,0,0,0,10,0,39,2,4,6,0,0,2,0,0
2016-07-03,6,7,9,30,0,12,0,0,0,0,18,10,11,12,0,0,0,14,0,1,0,0,3,12,0,6,10,0,1,13,0,0,41,0,0,0,15,31,1,3,12,0,25,0,1,1,17,0,2,0,2,0,0,0,23,3,0,17,34,0,0,10,4,0,0,5,17,11,0,7,6,5,0,3,8,5,50,0,7,4,9,0,4,0,0,7,0,5,0,8,0,0,2,0,13,0,0,10,18,1,0,11,2,6,0,0,18,0,3,0,9,5,7,0,0,0,0,0,3,16,10,0,11,0,23,7,0,37,1,4,18,5,0,2,0,0
2016-07-10,6,5,9,22,0,11,0,3,0,0,23,3,22,3,0,0,0,0,0,5,0,0,9,6,0,6,7,0,2,32,0,0,0,0,0,0,5,34,0,6,4,13,31,0,3,3,10,0,4,14,0,0,5,29,30,3,0,17,45,0,24,8,11,15,0,8,17,5,0,3,0,4,1,8,8,0,38,0,7,0,0,0,4,3,1,0,6,0,0,4,0,0,3,0,0,0,6,11,0,4,1,11,2,9,0,0,0,0,6,0,0,5,7,0,0,22,0,0,2,31,0,0,4,0,6,17,0,45,1,0,6,0,0,3,0,0
2016-07-17,0,9,27,23,0,12,3,0,0,0,25,3,17,3,0,0,0,0,0,4,0,0,3,3,0,3,4,0,2,7,0,0,0,0,0,4,15,14,1,3,8,6,21,0,3,3,15,0,2,15,5,22,5,13,8,3,2,11,35,0,0,4,0,0,0,15,4,0,0,10,2,5,3,6,9,0,84,0,20,4,2,0,13,10,0,7,2,3,12,0,0,0,3,0,0,0,0,6,9,6,0,0,0,9,0,0,18,5,6,0,0,11,0,0,0,0,0,0,0,32,0,0,0,0,17,17,4,51,2,0,12,0,0,3,0,0
2016-07-24,0,13,0,38,0,11,3,0,0,0,22,3,11,9,0,0,0,0,0,3,0,0,3,6,0,19,3,0,1,33,0,0,0,0,0,0,0,14,1,9,0,6,26,0,3,3,15,0,2,0,2,0,2,29,8,6,4,31,45,0,36,5,19,0,0,6,22,5,0,7,2,5,2,11,0,5,51,0,27,8,9,0,4,5,0,7,3,5,0,0,0,0,2,0,0,0,0,7,9,0,1,5,0,3,0,0,12,2,0,0,0,5,21,0,0,0,0,0,5,0,0,0,4,0,6,3,0,89,1,0,12,5,1,4,0,0
2016-07-31,6,11,0,52,0,11,6,0,0,0,16,10,13,19,0,0,0,0,0,4,0,0,3,3,0,9,5,0,4,26,0,0,14,0,0,0,15,18,1,3,8,0,55,2,3,3,23,0,2,0,2,5,21,8,45,6,0,17,22,0,0,4,7,0,0,6,4,0,0,3,4,9,2,11,0,5,25,0,7,4,2,0,9,5,1,0,3,3,6,4,0,0,1,0,31,3,13,8,9,4,1,53,4,6,0,0,12,2,0,0,9,11,14,0,0,0,0,0,0,0,0,0,0,0,39,3,4,83,3,0,0,16,0,3,0,0
2016-08-07,0,8,18,54,43,24,3,0,0,0,17,5,22,10,0,0,0,0,0,1,9,0,19,6,0,10,6,0,4,0,0,0,0,0,0,8,5,5,1,9,4,0,75,0,5,5,25,0,0,0,0,6,35,21,47,6,2,11,82,0,37,3,0,0,0,7,0,5,0,0,0,8,4,6,0,5,33,0,0,0,5,0,4,8,0,38,5,0,0,8,0,0,1,0,0,0,7,5,18,8,0,50,0,3,0,0,6,2,0,0,0,6,0,0,0,0,0,0,1,16,0,0,0,0,29,0,4,55,1,0,0,0,0,1,0,0
2016-08-14,0,7,18,8,0,12,0,0,0,0,20,0,13,6,0,0,0,0,0,1,0,0,6,6,0,13,8,0,1,13,0,0,0,0,0,0,8,26,0,3,4,0,21,5,3,3,10,0,2,0,2,0,20,0,38,3,0,28,23,0,49,3,8,8,0,0,0,0,0,0,0,4,1,3,0,0,26,2,7,4,5,0,0,0,1,8,6,3,0,0,0,0,1,0,20,0,0,9,0,4,0,11,2,22,0,0,0,5,3,0,0,11,7,0,0,0,0,0,1,16,0,0,0,0,17,3,0,52,1,0,0,0,0,2,0,0
2016-08-21,0,7,9,54,0,12,0,0,0,0,12,3,11,16,0,0,0,0,0,2,0,0,12,3,0,10,7,0,4,20,0,0,14,0,0,0,7,16,1,6,0,6,26,7,1,1,13,0,0,0,7,6,7,4,15,3,0,35,23,0,25,5,8,0,0,5,0,0,0,3,2,4,1,11,0,5,0,0,14,0,5,0,4,6,0,30,3,3,0,4,0,0,1,0,6,0,13,10,0,3,1,22,0,15,0,29,12,2,3,0,4,0,0,0,3,0,0,0,1,0,0,0,0,0,17,3,0,52,1,0,18,5,0,1,0,0
2016-08-28,0,12,9,36,0,33,3,3,0,0,21,0,7,3,0,0,0,0,0,1,0,16,26,6,0,3,4,0,6,12,0,0,13,0,0,4,14,13,1,3,7,0,25,4,2,2,19,0,2,0,7,0,9,0,51,14,0,50,22,0,12,3,7,0,0,8,8,0,0,6,2,2,2,3,0,5,30,0,0,8,0,0,0,2,0,49,4,0,0,0,0,0,1,0,24,0,0,8,0,1,0,31,2,9,0,0,12,2,19,0,0,0,7,0,0,0,0,0,2,30,0,0,4,0,27,3,0,47,1,0,0,0,0,2,0,0
2016-09-04,0,5,9,23,0,12,0,3,0,0,12,3,9,13,0,0,0,0,0,0,0,0,3,3,0,7,10,0,2,20,0,0,14,0,0,0,5,15,2,6,8,0,37,0,6,6,39,0,0,0,7,6,5,17,39,0,0,28,35,0,0,4,4,0,0,8,22,0,0,7,0,8,2,8,0,5,26,0,7,4,5,0,0,2,0,23,2,3,6,0,0,0,1,0,0,0,6,9,0,1,0,22,0,9,0,0,6,2,3,0,0,11,7,0,0,0,0,0,3,16,0,0,0,0,23,3,0,45,1,0,0,5,0,1,0,0
2016-09-11,0,9,17,7,0,33,0,0,0,0,21,5,5,3,0,0,0,0,0,2,0,0,3,6,0,3,12,0,4,6,0,0,0,0,0,0,7,9,1,6,7,0,34,0,3,3,30,0,0,0,7,11,25,0,22,3,0,7,44,0,58,5,4,0,0,5,29,0,0,3,2,4,1,3,0,5,48,0,13,0,4,0,4,5,0,49,9,3,0,0,0,0,1,0,6,0,6,11,0,9,0,36,0,0,0,0,11,0,0,0,0,15,0,0,0,0,0,0,1,0,0,0,0,0,54,0,0,52,1,4,6,5,0,1,0,0
2016-09-18,0,5,0,44,0,0,0,0,0,0,18,0,9,3,0,0,0,0,0,1,0,16,12,9,0,6,4,0,2,0,0,0,0,0,0,0,12,18,0,12,0,6,30,0,2,2,23,0,0,0,0,5,9,8,22,0,2,13,11,0,12,5,11,0,0,9,0,0,0,6,0,4,3,13,8,5,31,0,0,8,7,0,0,3,1,21,4,0,0,0,0,0,1,0,0,0,0,9,0,3,1,21,6,12,0,0,0,0,5,0,0,0,7,0,0,0,0,0,1,15,0,0,0,4,28,10,0,58,1,0,6,0,0,2,0,0
2016-09-25,0,4,0,7,0,11,3,0,0,0,15,5,16,3,0,0,0,14,0,1,0,8,6,0,0,3,4,0,3,6,0,0,13,21,0,0,5,17,1,9,4,0,36,0,4,4,24,0,0,0,2,0,14,12,66,0,0,13,22,0,0,4,4,0,0,0,8,0,0,10,4,4,0,5,0,5,25,0,0,4,0,0,0,3,1,22,1,0,0,0,0,0,1,0,6,0,12,11,9,1,1,5,4,9,0,0,6,5,8,0,0,16,7,0,0,0,0,0,1,31,0,0,0,0,6,10,0,44,1,0,6,5,0,3,0,0
2016-10-02,6,6,17,7,0,0,0,0,0,0,17,0,3,3,0,0,0,13,0,2,0,0,6,0,0,0,8,0,6,6,0,0,0,20,0,0,9,21,0,3,4,0,43,0,3,3,20,0,0,0,9,5,9,4,7,0,0,7,22,0,23,3,14,0,0,2,12,0,0,6,0,4,2,8,8,19,18,0,0,12,0,0,0,2,2,14,3,0,0,0,0,0,1,0,6,0,0,8,0,3,0,10,4,6,0,0,11,0,3,0,8,5,7,0,0,0,0,0,5,0,0,0,0,0,27,6,0,45,1,0,0,0,0,3,0,0
2016-10-09,13,7,0,31,0,12,3,6,0,0,18,0,11,3,0,0,0,0,0,4,0,0,3,15,0,7,5,0,3,13,0,0,14,0,0,4,10,18,3,9,0,26,37,2,1,1,28,0,4,0,5,0,5,4,38,0,0,17,69,0,12,6,15,0,0,5,13,0,0,3,2,2,0,11,34,0,6,0,0,9,5,0,4,2,1,15,0,3,6,4,0,0,1,0,7,0,0,12,0,4,0,17,0,0,0,0,6,12,6,0,0,0,7,0,0,0,0,0,1,0,0,0,7,0,11,7,0,32,2,0,12,5,0,1,0,0
2016-10-16,0,10,17,15,0,22,0,3,0,0,22,10,11,6,0,0,0,0,0,3,0,0,6,6,0,6,7,0,8,0,0,0,0,0,0,4,21,17,1,3,8,0,65,2,3,3,41,0,2,0,21,0,14,4,22,3,0,13,66,0,0,7,7,0,0,6,8,0,0,0,0,4,2,8,0,15,18,0,0,8,0,0,0,3,1,50,12,3,6,4,0,0,1,0,6,0,0,10,0,5,0,26,4,3,0,0,6,5,5,0,9,0,7,0,0,0,0,0,0,15,0,0,0,0,39,3,0,54,1,4,6,5,0,1,0,0
2016-10-23,0,14,18,22,0,34,0,0,0,0,21,5,21,3,0,0,17,0,0,4,0,0,12,11,0,0,7,0,7,13,0,0,0,21,0,0,12,27,2,6,0,6,35,5,2,2,33,0,2,0,7,5,16,28,30,3,4,24,11,0,24,7,25,8,0,9,51,0,0,3,5,16,1,16,8,5,12,0,0,16,9,0,0,0,3,21,4,3,0,0,0,0,0,0,6,0,0,16,9,4,0,26,0,9,0,0,12,2,6,0,0,11,7,0,0,0,0,0,1,0,0,0,4,0,11,7,0,62,2,0,17,10,0,2,0,0
2016-10-30,0,15,9,8,0,0,3,0,0,0,22,8,13,6,0,0,0,0,0,3,0,0,6,9,0,3,5,0,2,13,0,0,0,22,0,0,10,14,2,0,0,13,26,2,3,3,36,0,0,0,17,11,7,8,46,3,2,21,0,0,37,2,4,0,0,3,27,0,0,3,2,10,1,11,0,10,32,0,7,0,9,0,4,0,2,29,3,0,12,0,0,0,0,0,13,0,0,10,0,4,2,5,6,6,0,0,18,0,12,0,4,0,7,0,0,0,0,0,3,0,0,0,19,0,17,0,0,55,1,0,6,0,0,0,0,0
2016-11-06,6,10,0,7,0,0,0,3,0,0,17,5,14,12,0,0,0,14,0,5,0,0,3,3,0,3,7,0,4,13,0,0,27,0,0,0,5,14,2,9,8,6,70,2,0,0,33,0,0,0,24,0,5,25,67,3,4,24,34,0,24,5,18,0,0,5,17,0,0,0,7,16,4,5,8,10,25,1,6,12,0,0,13,2,2,28,3,3,0,0,0,0,1,0,6,0,0,13,0,5,0,5,4,6,0,0,0,0,11,0,13,0,0,0,0,0,0,0,3,46,0,0,7,0,34,10,0,73,3,4,6,5,0,1,0,0
2016-11-13,6,13,9,30,0,12,0,0,0,0,19,8,5,6,0,0,0,0,0,2,9,0,9,6,0,0,8,0,7,13,0,0,0,43,0,4,5,5,2,0,0,6,16,0,2,2,22,0,2,14,14,5,14,12,15,3,2,28,46,0,12,5,7,0,0,10,9,0,0,7,4,19,2,8,8,0,19,0,0,4,11,0,9,0,0,0,0,0,6,8,0,0,1,0,6,0,0,9,0,0,1,16,0,12,0,0,0,0,3,0,0,0,0,0,0,0,0,0,0,0,0,0,0,0,46,14,0,40,2,0,0,5,0,1,0,0
2016-11-20,18,22,8,7,0,11,3,0,0,0,30,2,10,3,0,0,0,0,0,3,0,0,8,8,0,6,5,0,6,18,0,0,0,40,0,3,7,20,1,17,7,0,19,0,0,0,30,0,4,0,4,5,13,12,21,3,0,35,21,0,0,5,7,0,0,6,8,0,0,3,7,22,0,13,0,0,47,0,0,16,0,0,8,1,1,14,6,0,0,0,0,0,1,0,6,0,0,9,8,3,1,10,2,11,0,0,0,0,3,0,17,0,0,0,0,0,0,0,1,29,0,0,0,0,21,16,4,64,1,0,6,5,0,1,0,0
2016-11-27,0,14,8,7,39,11,3,0,0,0,18,5,15,3,0,0,0,26,0,3,0,0,3,21,0,0,9,0,6,0,0,0,13,0,0,0,9,10,1,0,4,0,28,6,1,1,20,0,0,0,4,5,11,35,42,3,0,26,53,0,34,5,0,0,0,6,16,5,0,3,5,20,0,0,0,5,35,0,0,12,6,0,4,1,0,7,3,0,0,4,0,0,1,0,17,0,0,14,8,4,0,15,0,6,0,0,6,4,5,0,12,0,7,0,0,0,0,0,1,0,0,0,3,0,47,9,0,45,1,0,16,0,0,1,0,0
2016-12-04,0,18,0,21,0,33,0,0,0,0,15,5,10,9,0,0,0,0,0,1,0,8,3,5,0,3,8,0,7,6,0,0,0,0,0,3,14,9,2,6,4,6,19,2,0,0,27,0,2,0,14,0,9,8,86,3,2,33,11,0,46,5,14,0,0,5,45,0,0,3,2,26,1,3,8,9,30,0,0,8,0,0,0,2,1,28,0,0,6,4,0,0,1,0,6,0,12,8,0,7,0,25,0,14,0,0,0,18,8,0,0,0,0,0,0,0,0,0,1,0,0,0,7,0,5,3,0,56,2,4,6,0,0,4,0,0
2016-12-11,6,24,0,15,0,0,0,3,0,0,27,5,7,3,0,0,0,0,0,3,9,8,6,20,0,9,19,0,7,32,0,0,13,42,0,0,10,12,1,0,0,6,40,2,7,7,24,0,2,0,5,26,14,4,37,6,0,40,55,0,47,8,4,0,0,6,17,5,0,6,2,11,2,8,16,5,25,0,0,4,0,0,0,5,0,28,4,0,0,0,0,0,1,0,37,3,6,10,26,1,0,26,8,3,0,0,12,2,5,0,4,0,21,0,5,0,0,0,3,0,0,0,0,0,49,3,0,49,2,0,6,0,0,2,0,0
2016-12-18,0,26,10,33,0,0,0,0,0,0,16,8,14,7,0,0,0,0,0,4,0,9,13,29,0,7,6,0,5,21,0,0,0,23,0,16,8,3,0,10,0,7,45,0,1,1,23,0,4,0,0,6,8,9,33,6,2,30,12,0,0,6,8,0,0,9,14,6,0,0,6,9,2,3,9,5,55,0,7,0,2,0,5,2,0,8,3,3,0,13,0,0,1,0,0,0,14,10,0,4,0,6,0,3,0,0,0,3,6,0,10,6,8,0,0,0,0,0,0,0,0,0,12,0,12,4,0,40,1,0,13,0,1,3,0,0
2016-12-25,0,22,10,26,0,0,0,0,0,0,15,3,17,4,0,0,0,0,0,4,0,9,7,3,0,11,3,0,4,8,0,0,32,0,0,4,23,11,1,0,4,0,30,0,1,1,16,0,7,0,3,0,6,5,18,0,5,32,0,0,14,8,9,9,0,6,15,0,0,11,9,8,0,9,10,6,7,0,0,5,0,0,0,0,2,17,2,3,0,5,0,0,1,0,0,0,7,6,10,2,0,19,0,14,0,0,21,3,10,0,5,0,0,0,0,0,0,0,0,0,0,0,4,0,33,8,4,62,1,0,21,0,0,3,0,0
2017-01-01,7,25,0,0,0,0,0,0,0,0,17,3,25,4,0,0,0,0,0,4,0,0,14,10,0,11,11,0,3,8,0,0,0,0,0,4,9,13,2,14,13,22,24,0,2,2,20,0,7,17,6,6,17,24,9,3,3,24,26,0,14,8,13,0,0,9,15,0,0,8,2,13,2,13,10,12,37,0,0,15,0,0,10,0,2,8,0,3,7,0,0,0,0,0,7,4,0,9,0,2,0,6,0,14,0,66,7,6,3,0,10,6,0,0,0,0,0,0,3,36,0,0,4,0,40,8,0,56,2,0,21,0,0,2,0,0
2017-01-08,25,25,35,15,0,11,6,0,0,0,18,7,11,6,0,0,0,0,0,6,0,0,15,14,0,16,8,0,5,32,0,0,54,42,0,7,17,6,1,6,11,0,20,5,1,1,11,0,9,0,9,11,5,8,37,0,0,44,45,0,72,6,15,0,0,10,17,5,0,3,6,8,2,5,17,5,12,2,0,4,5,0,9,2,2,21,6,8,30,4,0,0,1,0,12,0,0,9,9,4,2,5,0,12,0,0,6,2,6,0,4,0,14,0,0,0,0,0,1,15,0,0,7,0,28,7,11,50,2,0,23,0,0,2,0,0
2017-01-15,12,20,8,7,0,11,0,0,0,0,15,10,15,6,0,0,0,0,0,7,0,0,3,22,0,36,16,0,8,6,0,0,13,0,0,3,14,10,1,22,4,12,19,4,3,3,23,0,2,13,9,10,9,12,21,8,2,39,21,0,57,6,10,7,0,8,8,0,0,3,7,11,3,13,0,0,6,0,19,20,9,0,4,3,1,34,1,13,11,8,0,0,1,0,18,3,0,10,8,3,1,46,2,17,0,0,0,0,5,0,8,5,7,0,2,0,0,0,4,0,0,0,7,0,27,13,7,46,2,0,33,0,0,2,0,0
2017-01-22,18,17,0,21,39,11,3,3,0,0,22,2,12,6,0,0,0,0,0,12,8,0,0,14,0,42,25,0,11,18,0,0,13,20,0,7,5,6,1,14,14,6,15,0,3,3,20,0,4,0,7,5,13,23,28,3,2,26,32,0,11,7,7,0,0,9,16,0,0,3,7,6,3,13,0,0,12,0,13,12,4,0,12,3,2,7,4,10,0,4,0,0,1,0,12,0,0,8,8,3,1,31,4,14,0,27,11,0,3,0,8,15,20,0,0,0,0,0,2,0,0,0,7,0,26,0,0,69,3,0,44,0,0,4,0,0
2017-01-29,11,12,24,14,0,21,15,5,0,0,13,2,15,9,0,0,0,0,0,3,16,0,8,16,0,46,9,0,8,35,0,0,12,19,0,3,9,13,1,5,11,11,42,2,6,6,12,0,3,0,4,10,11,23,14,3,2,31,31,0,11,7,13,0,0,7,24,0,0,6,5,7,5,20,0,5,11,0,12,11,4,0,0,1,1,33,1,5,0,4,0,0,1,0,6,3,0,10,0,0,1,19,3,16,0,0,0,4,5,0,8,5,6,0,0,0,0,0,12,0,0,0,3,0,67,9,0,51,2,0,11,0,0,2,0,0
2017-02-05,12,19,8,49,0,21,0,0,0,0,16,9,19,0,0,0,0,0,0,6,0,0,3,8,0,27,5,0,9,30,0,0,26,0,0,0,14,22,2,8,14,12,0,6,2,2,13,0,2,0,9,5,16,19,14,3,2,32,32,0,22,6,7,7,0,9,8,0,0,9,10,6,7,13,0,5,29,0,0,4,6,0,8,1,2,54,3,8,6,19,0,0,1,0,6,0,0,9,8,6,2,25,0,14,0,27,17,7,5,0,0,5,7,0,7,0,0,0,8,29,0,0,3,0,26,13,0,38,3,0,6,0,1,5,0,0
2017-02-12,6,17,16,41,0,10,3,3,0,0,18,5,21,6,0,0,0,13,0,11,16,0,3,32,0,66,15,0,13,47,0,0,25,0,0,0,24,16,1,19,21,6,32,2,3,3,19,0,5,13,2,5,13,8,20,8,2,25,31,0,22,8,20,0,0,3,35,0,0,0,2,5,12,20,15,14,11,0,6,19,12,0,0,1,3,53,1,0,11,4,0,0,1,0,23,3,12,17,16,2,2,29,2,16,0,26,16,0,13,0,8,24,13,0,0,0,0,0,7,0,0,0,10,0,31,0,0,44,3,0,27,0,1,2,0,0
2017-02-19,6,20,0,50,0,0,15,0,0,0,14,10,7,6,0,0,0,26,0,14,8,8,20,25,0,48,6,0,6,61,0,0,0,40,0,7,14,7,2,20,14,6,48,4,1,1,19,0,2,0,9,10,18,19,50,11,0,16,53,0,57,11,7,0,0,3,29,0,0,16,0,5,14,5,0,5,24,1,6,8,9,0,4,6,5,62,4,5,6,0,0,0,1,0,12,0,6,10,25,4,0,20,2,23,0,0,6,9,11,0,0,15,0,0,7,0,0,0,1,15,0,0,10,0,27,10,0,50,5,0,28,0,0,6,0,0
2017-02-26,6,12,9,15,0,11,3,0,0,0,10,7,18,6,0,0,0,14,0,7,0,0,3,11,0,25,0,0,7,19,0,0,0,0,0,0,5,6,0,9,30,6,25,7,0,0,11,0,2,14,5,5,7,8,30,3,2,20,11,0,59,3,7,0,0,6,17,0,0,3,4,5,5,24,8,10,6,3,0,4,0,0,0,2,4,14,4,3,0,0,0,0,0,0,6,0,0,6,0,3,2,5,0,9,0,0,0,0,0,0,0,16,0,0,0,0,0,0,2,0,0,0,4,0,28,3,4,44,2,0,6,5,0,0,0,0
2017-03-05,6,13,71,27,0,10,11,8,0,0,18,4,6,8,0,0,0,0,0,12,0,7,11,5,0,100,13,0,7,34,0,0,0,37,0,7,6,15,0,11,17,6,40,2,2,2,22,0,3,0,0,0,2,7,20,15,6,18,50,0,32,6,7,0,0,6,23,5,0,6,3,4,6,14,0,4,44,0,23,7,2,0,30,10,4,83,3,14,0,4,0,0,1,0,22,0,11,11,0,7,0,14,3,21,3,0,11,4,5,0,8,14,6,0,5,0,0,0,6,14,0,0,13,0,45,0,7,50,2,0,31,5,0,1,0,0
2017-03-12,0,17,31,13,0,0,3,0,0,0,18,2,19,8,0,0,0,0,0,30,0,0,3,10,0,71,12,0,6,45,0,0,12,0,0,0,8,13,1,5,3,5,13,4,1,1,13,0,7,0,15,0,8,11,26,3,2,45,39,0,21,6,16,7,0,6,34,0,0,6,6,20,5,7,7,9,11,1,12,18,2,0,0,6,2,44,4,7,5,7,0,0,2,0,0,3,0,7,0,7,1,61,3,10,63,0,16,4,5,0,4,5,6,0,0,0,0,0,1,0,0,0,13,0,54,3,3,55,2,0,15,0,0,4,0,0
2017-03-19,11,12,16,7,0,0,0,3,0,0,14,5,13,17,0,0,0,13,0,32,0,0,11,5,0,34,2,0,5,23,0,0,0,0,0,0,9,24,2,8,14,6,14,2,0,0,10,0,7,0,17,10,9,15,41,0,0,56,31,0,33,6,3,0,0,1,12,0,0,3,7,25,6,17,0,5,17,0,0,4,8,0,0,0,2,26,4,2,0,15,0,0,1,0,0,6,0,10,0,2,0,44,10,14,27,0,0,2,3,0,0,5,0,0,2,0,0,0,1,0,0,0,3,0,41,6,0,61,2,0,48,0,0,2,0,0
2017-03-26,6,15,0,20,0,10,3,0,1,0,15,7,10,6,0,0,0,13,0,14,0,7,3,5,0,48,4,0,6,40,0,0,0,0,0,0,7,7,0,0,7,11,27,4,2,2,11,0,2,0,6,0,19,15,20,3,4,22,20,0,22,7,13,0,0,7,16,5,0,3,5,10,5,15,8,4,17,0,0,8,8,0,4,3,2,77,4,7,0,11,0,0,1,0,6,0,6,7,8,5,1,5,5,24,51,0,0,4,28,0,8,5,0,0,5,0,0,0,3,0,0,0,7,0,25,12,3,52,3,0,26,5,0,1,0,0
2017-04-02,16,21,8,20,0,10,12,3,0,0,14,7,6,5,0,0,0,0,0,12,0,14,5,0,0,28,10,0,6,23,0,0,12,0,0,0,9,18,2,3,13,22,9,2,2,2,15,0,0,13,8,5,8,4,13,5,4,9,10,0,11,5,13,0,0,11,15,0,0,12,2,10,4,21,0,0,28,0,0,15,6,0,0,4,2,39,3,2,0,0,0,0,0,0,6,3,11,10,0,5,1,24,7,11,68,25,0,4,12,0,16,14,0,0,2,0,0,0,2,0,0,0,3,0,10,3,3,36,2,4,10,0,0,2,0,0
2017-04-09,0,8,0,14,0,0,12,0,3,0,11,2,10,6,0,0,0,0,0,11,0,0,0,5,0,18,5,0,6,6,0,0,0,0,0,4,5,16,1,0,7,0,10,2,4,4,11,0,0,0,7,0,11,0,7,0,4,10,22,0,11,5,21,0,0,8,4,0,0,6,4,6,5,13,16,5,12,0,6,8,7,0,4,0,1,21,1,0,6,8,0,0,1,0,6,0,0,8,0,5,3,10,0,14,45,0,0,2,8,0,0,15,0,0,0,0,0,0,3,0,0,0,3,0,21,6,0,37,2,0,6,5,0,1,0,0
2017-04-16,12,12,17,21,0,11,12,3,2,0,9,0,10,3,0,0,0,13,0,7,0,0,8,0,0,18,9,0,6,12,0,0,13,20,0,14,5,15,2,0,11,24,5,11,4,4,12,0,4,0,13,5,16,8,28,5,2,10,11,0,34,7,7,0,0,8,8,0,0,12,5,4,1,20,16,5,6,0,0,0,2,0,8,1,1,20,3,3,0,8,0,0,1,0,0,0,0,4,8,3,0,25,2,8,39,0,0,7,13,0,8,45,0,0,0,0,0,0,2,0,0,0,10,0,16,0,0,64,2,0,22,0,0,4,0,0
2017-04-23,0,9,24,34,37,31,6,3,0,0,16,4,15,3,0,0,0,0,0,9,0,0,8,8,0,14,6,0,6,23,0,0,0,0,0,23,15,17,1,0,7,0,32,2,1,1,13,0,2,0,6,10,15,4,27,3,4,18,30,0,32,4,23,0,0,9,58,0,0,0,5,4,7,15,7,9,11,0,0,15,14,0,4,3,1,39,4,5,11,0,0,0,0,0,6,3,11,7,16,6,1,14,2,11,72,25,5,6,25,0,4,62,13,0,2,0,0,0,3,14,0,0,3,0,25,9,3,54,2,0,16,14,0,2,0,0
2017-04-30,0,9,8,7,0,54,3,3,1,0,7,5,5,12,0,0,0,0,0,5,0,0,11,5,0,18,12,0,6,0,0,0,0,20,0,10,14,31,3,3,7,0,43,0,0,0,19,0,11,0,16,0,11,8,14,8,4,19,21,0,11,5,10,7,0,3,20,5,0,12,4,5,2,18,0,0,12,0,6,20,4,0,0,3,4,27,3,10,6,4,0,0,1,0,0,3,12,7,0,4,2,10,0,9,59,0,0,5,13,0,8,61,0,0,0,0,0,0,1,0,0,0,3,0,16,0,4,51,2,0,33,5,0,2,6,0
2017-05-07,11,12,24,21,0,21,0,0,2,0,13,9,12,14,0,0,0,0,0,12,0,7,5,30,0,73,12,0,4,12,0,0,0,40,0,0,13,22,1,8,14,18,43,0,3,3,10,0,3,0,15,10,7,8,27,8,0,22,31,0,11,7,10,7,0,4,8,5,0,6,8,6,4,15,0,0,17,0,6,8,8,0,16,6,3,74,1,0,6,7,0,0,0,0,12,0,6,10,16,14,0,90,2,25,63,0,11,2,10,0,12,63,0,0,0,0,0,0,4,42,0,0,3,0,21,0,3,55,2,0,70,14,0,4,33,0
2017-05-14,6,18,0,0,0,22,6,3,2,0,31,15,26,6,0,0,0,0,0,9,17,0,6,20,0,43,6,0,8,50,0,0,0,82,0,4,23,27,1,3,11,0,15,7,5,5,17,0,0,0,16,5,14,0,58,3,6,20,11,0,12,8,18,15,0,11,12,5,0,13,5,27,4,21,0,0,24,1,6,8,4,0,8,0,5,70,6,3,12,4,0,0,1,0,0,0,12,15,9,13,2,57,7,3,83,0,0,0,21,0,4,15,0,0,0,21,0,0,3,0,0,0,3,0,16,3,11,67,3,0,40,0,0,2,6,0
2017-05-21,6,10,42,0,79,22,6,0,2,0,19,12,22,6,0,0,0,0,0,7,9,0,11,17,0,9,4,0,5,31,0,0,0,41,0,3,5,21,3,11,4,24,25,7,8,8,20,0,4,14,14,5,11,20,64,6,0,16,0,0,11,6,14,7,0,6,12,0,0,3,9,100,5,18,16,0,18,1,19,0,11,0,8,2,3,70,7,15,12,12,0,0,1,0,6,0,0,13,8,9,1,37,6,18,74,27,12,5,13,0,13,20,7,0,3,0,0,0,2,0,0,0,3,0,11,0,7,56,2,0,56,0,0,3,6,0
2017-05-28,12,6,9,29,0,11,9,0,0,0,18,5,12,12,0,0,0,0,0,8,0,0,6,3,0,18,5,0,6,18,0,0,0,20,0,4,12,16,3,6,0,18,19,9,4,4,19,0,4,0,7,0,23,24,29,0,0,16,0,0,23,5,18,37,0,6,8,0,0,6,9,37,2,3,0,0,6,0,0,16,7,0,8,0,2,48,1,3,0,8,0,0,0,0,12,0,12,5,17,3,0,51,2,23,43,27,11,9,11,0,0,5,13,0,2,21,0,0,2,15,9,0,3,0,22,3,22,34,3,0,23,0,0,4,16,0
2017-06-04,12,9,25,14,0,11,3,0,1,0,12,5,15,3,0,0,16,0,0,6,0,0,11,8,0,12,5,0,6,0,0,0,0,40,0,10,14,19,1,8,7,6,14,4,2,2,18,0,4,0,18,10,9,19,28,8,2,16,0,0,11,7,17,0,0,6,16,0,0,3,5,30,5,5,0,9,12,0,25,4,6,0,4,0,2,27,3,5,0,8,0,0,0,0,0,0,6,9,33,4,2,30,5,14,53,0,0,4,8,0,4,15,7,0,2,0,0,0,4,15,0,0,3,0,21,3,4,46,3,0,55,5,0,2,18,0
2017-06-11,13,5,18,15,0,80,3,0,1,0,11,7,13,12,0,0,0,0,0,3,9,0,3,9,0,16,5,0,4,26,0,0,0,21,0,0,10,28,2,6,4,0,15,2,4,4,14,0,4,0,5,5,12,4,23,0,2,14,45,0,24,4,18,8,0,5,4,0,0,3,6,29,2,14,8,5,0,0,7,4,9,0,4,0,2,14,1,0,0,0,0,0,0,0,0,0,0,6,18,3,0,21,2,9,30,0,0,5,11,0,0,16,7,0,0,0,0,0,2,0,0,0,4,0,28,0,8,30,2,0,35,11,0,1,10,0
2017-06-18,12,6,25,7,0,53,12,3,1,0,20,2,13,3,0,0,0,0,0,5,0,0,17,8,0,12,4,0,4,24,0,0,0,40,0,3,14,35,1,0,14,0,10,6,5,5,19,0,2,0,4,10,9,8,42,3,2,35,10,0,22,6,20,7,0,6,24,0,0,9,5,30,3,12,8,9,29,1,0,4,13,0,4,1,0,27,4,2,6,8,0,0,0,0,6,0,12,5,0,9,1,40,4,11,55,0,6,0,5,0,4,30,7,0,0,0,0,0,2,0,9,0,0,0,21,3,3,38,2,0,16,0,0,1,15,0
2017-06-25,6,6,0,14,0,55,9,0,1,0,10,5,12,6,0,0,0,0,0,2,0,0,9,11,0,15,3,0,5,12,0,0,0,20,0,0,9,25,1,6,11,0,15,7,9,9,33,0,2,14,11,0,14,16,36,6,8,10,0,0,12,4,0,7,0,5,13,0,0,13,5,23,2,13,0,14,66,0,19,0,0,0,0,0,3,0,0,0,0,4,0,0,0,0,0,0,6,4,9,9,0,10,2,3,29,0,6,5,16,0,4,31,7,0,0,0,0,0,1,0,0,0,0,0,54,0,15,60,3,4,40,0,0,3,9,0
2017-07-02,6,7,18,23,0,12,10,0,2,0,18,3,5,9,0,0,0,14,0,8,0,8,9,18,0,16,8,0,3,0,0,0,0,22,0,11,5,27,3,3,4,6,31,5,6,6,16,0,10,0,2,5,10,8,45,3,2,10,11,0,24,9,22,0,0,5,17,0,0,7,9,21,3,8,8,5,13,3,0,0,11,0,4,3,1,15,6,0,0,16,0,0,1,0,0,0,13,7,18,8,2,11,4,9,69,0,0,2,8,0,4,27,7,0,0,0,0,0,1,0,10,0,7,0,11,10,15,54,2,0,36,0,0,2,33,0
2017-07-09,19,5,0,0,41,46,26,0,1,0,17,7,16,12,0,0,34,0,0,7,9,0,3,23,0,19,14,0,2,6,0,0,0,0,0,0,10,46,0,9,8,12,20,5,8,8,18,0,4,0,12,0,7,4,45,6,6,10,11,0,12,7,7,0,0,2,13,0,0,3,2,19,2,3,17,5,31,0,0,17,7,0,9,0,4,57,1,3,6,4,0,0,1,0,19,0,13,9,9,8,2,27,4,3,51,0,0,0,6,0,0,5,35,0,5,0,0,0,2,16,0,0,0,0,39,7,11,59,2,0,100,11,0,2,10,0
2017-07-16,6,8,0,22,41,11,25,0,0,0,13,2,23,0,0,0,0,0,0,6,0,0,9,14,0,6,3,0,4,6,0,0,0,42,13,4,14,38,1,9,11,6,5,2,8,8,14,0,6,14,2,0,9,20,22,3,0,7,11,0,12,6,22,0,0,6,8,0,0,10,2,15,6,3,25,0,6,0,20,8,4,0,17,2,5,50,1,10,0,8,0,0,1,0,19,3,6,9,0,7,2,26,8,21,50,0,0,9,3,0,9,26,0,0,0,0,0,0,4,0,9,0,0,0,17,13,18,28,1,0,46,21,0,3,10,0
2017-07-23,12,6,17,22,0,34,22,3,1,0,21,2,12,0,0,0,0,0,0,7,0,0,9,11,0,15,12,0,2,12,0,0,0,0,7,11,17,28,1,14,4,6,29,14,4,4,22,0,6,14,2,16,12,16,59,6,6,7,22,0,35,3,11,7,0,5,17,5,0,22,2,18,5,11,8,5,0,0,6,0,20,0,8,0,4,49,1,5,6,0,0,0,0,0,6,0,0,5,35,5,2,36,2,20,61,0,0,11,14,0,9,21,13,0,0,0,0,0,0,0,0,0,7,0,16,3,59,53,3,4,58,16,1,2,13,0
2017-07-30,12,4,0,28,76,53,9,5,2,0,15,0,27,6,0,0,0,0,0,9,0,0,14,8,0,35,9,0,11,12,0,0,0,0,12,0,9,31,1,5,0,29,23,13,3,3,18,0,12,0,7,10,9,23,41,3,0,0,21,0,33,7,34,14,0,1,20,0,2,12,5,12,4,12,0,14,6,0,12,12,10,0,16,4,7,33,3,17,0,4,0,0,0,31,12,0,12,7,8,3,0,49,5,8,99,0,6,4,26,0,4,20,13,0,0,0,0,0,2,29,0,0,3,0,21,12,24,44,2,4,27,24,0,4,9,0
2017-08-06,6,12,8,7,0,21,50,0,1,0,23,2,40,3,0,0,0,0,0,8,8,0,5,13,0,23,11,0,5,6,0,0,0,0,10,0,11,44,2,5,0,23,33,11,4,4,16,0,2,13,11,15,11,15,41,0,4,19,21,0,22,6,34,14,0,10,0,5,1,9,8,18,3,2,15,41,6,3,18,4,13,0,24,1,3,33,4,15,0,11,0,0,0,0,17,3,6,6,16,8,3,64,4,11,57,0,5,2,18,0,8,24,26,0,2,0,0,0,2,0,0,0,3,0,57,9,24,58,2,0,49,10,0,4,33,0
2017-08-13,0,11,16,7,0,0,27,0,1,0,17,7,43,6,0,0,0,0,0,7,0,0,3,29,0,23,14,0,5,18,0,0,25,39,5,0,13,31,1,11,7,23,9,8,2,2,12,0,4,13,18,25,11,15,83,8,6,6,62,0,33,2,10,0,0,9,0,10,1,6,7,17,9,2,8,14,6,0,0,4,4,0,20,4,7,33,4,10,11,0,0,0,1,15,0,0,17,6,8,4,1,88,4,22,44,0,0,7,15,0,8,39,13,0,0,20,0,0,5,0,0,0,7,0,31,0,21,57,4,4,27,19,0,4,63,0
2017-08-20,0,8,16,7,76,0,39,0,2,0,23,2,35,3,0,0,0,0,0,7,0,7,5,45,0,35,12,0,12,36,0,0,12,59,9,0,9,44,2,5,3,6,5,4,52,52,9,0,3,0,6,5,26,19,27,5,4,3,31,0,0,4,20,7,0,9,16,5,1,9,5,10,1,12,8,14,17,0,6,4,8,0,31,1,7,27,5,5,0,4,0,0,1,0,6,0,23,5,0,14,1,44,2,8,46,0,0,7,15,0,16,29,13,0,0,0,0,0,4,71,0,0,3,0,31,6,10,62,4,0,16,14,0,1,27,0
2017-08-27,11,12,0,28,38,0,30,0,0,0,16,9,37,3,0,0,0,26,0,3,0,0,14,11,0,23,9,0,12,12,0,0,0,19,23,0,9,30,1,16,11,12,23,4,18,18,25,0,0,0,4,5,13,19,48,5,6,13,41,0,22,5,20,0,0,7,48,10,0,9,2,17,7,7,0,46,17,1,0,12,15,0,8,3,9,60,3,7,6,4,0,0,1,0,0,0,6,9,16,10,1,39,5,25,47,26,0,4,10,0,16,34,6,0,2,0,0,0,1,14,0,0,3,0,16,9,10,74,4,0,65,15,1,1,18,0
2017-09-03,13,11,18,0,0,0,29,6,0,0,16,12,36,16,0,0,0,0,0,2,0,0,6,11,0,12,8,0,10,26,0,0,0,21,15,0,12,38,3,6,4,12,10,5,10,10,15,0,8,0,7,0,12,33,38,6,0,14,34,0,12,5,18,23,0,10,9,11,0,10,4,24,2,8,0,15,6,0,0,4,2,0,17,0,16,36,4,8,6,0,0,0,0,34,0,0,13,8,9,7,0,64,2,27,36,0,12,5,6,0,9,16,21,0,3,0,0,0,3,0,0,0,4,0,34,0,8,74,5,0,30,5,0,2,13,0
2017-09-10,17,21,41,14,38,10,24,5,3,0,21,2,17,14,0,0,16,0,0,9,0,0,11,24,0,14,6,0,9,30,0,0,0,39,19,0,9,27,3,5,18,12,14,4,8,8,15,0,5,0,13,15,22,0,62,0,2,3,10,0,22,4,10,14,0,7,28,10,0,12,9,28,6,15,8,0,6,0,0,8,10,0,16,6,25,47,3,2,6,0,0,0,0,61,6,0,12,10,8,11,0,69,2,14,41,26,5,2,15,0,4,20,19,0,0,0,0,0,5,14,0,0,0,0,21,9,10,79,6,4,22,10,0,3,12,0
2017-09-17,12,11,16,35,0,0,18,0,0,0,16,7,32,9,0,0,0,0,0,8,0,0,8,10,5,45,11,0,15,6,0,0,13,19,14,10,13,32,1,8,0,17,9,4,7,7,9,0,4,0,20,5,11,27,98,5,32,13,0,0,33,3,10,14,0,15,16,10,1,15,3,25,3,10,0,18,17,1,6,16,13,0,16,1,16,46,4,7,11,19,0,0,1,31,6,0,12,10,8,5,1,48,2,16,61,0,5,4,18,0,20,35,39,0,0,21,2,0,7,0,0,0,3,0,21,3,14,80,6,0,33,5,0,3,27,0
2017-09-24,0,7,24,7,0,10,12,5,0,0,18,7,20,14,0,0,0,0,0,6,0,0,3,34,20,23,10,0,10,46,0,0,25,19,7,7,9,26,0,3,10,11,18,8,9,9,12,0,2,0,11,0,15,22,34,8,8,6,41,0,11,3,13,21,0,12,8,10,0,24,5,15,8,12,0,4,28,3,0,0,10,0,16,0,15,13,1,7,5,4,0,0,0,0,23,0,17,7,24,12,1,48,2,0,76,0,11,2,8,0,8,15,25,0,0,0,0,0,2,14,9,0,7,4,0,0,24,98,6,4,16,14,1,3,32,0
2017-10-01,17,11,24,27,0,10,27,0,1,0,15,11,15,8,0,0,0,0,0,7,8,0,11,48,0,9,17,0,9,6,0,0,0,19,14,3,9,37,1,3,7,23,51,13,8,8,16,0,2,0,24,10,2,30,48,0,6,9,41,0,22,4,20,7,0,6,24,10,1,9,2,13,4,2,15,9,17,1,0,0,12,0,16,4,9,40,5,2,6,4,0,0,1,15,11,0,23,9,16,17,1,39,7,8,73,0,5,11,18,0,0,39,0,0,2,0,0,0,4,0,9,0,0,0,21,9,0,100,6,4,81,0,0,3,33,0
2017-10-08,6,13,26,0,0,11,32,0,1,0,8,5,12,12,0,0,0,0,0,4,17,0,3,34,6,28,16,0,8,13,0,0,0,21,6,7,5,33,4,6,15,12,5,4,4,4,17,0,2,0,19,16,5,8,15,3,6,7,11,0,0,7,14,15,0,8,0,5,1,3,5,14,4,18,8,5,6,1,6,8,2,0,13,3,6,28,6,3,0,8,0,0,1,0,0,0,12,7,35,7,1,63,2,9,67,0,6,0,14,0,13,16,7,0,0,22,0,0,4,0,0,0,4,8,11,7,4,72,5,0,23,5,0,2,25,0
2017-10-15,6,8,0,0,0,31,20,0,1,0,11,2,21,8,0,0,0,0,0,4,8,0,11,88,10,6,12,0,9,17,0,0,0,19,12,0,13,22,1,8,3,11,32,6,5,5,24,0,0,0,17,24,11,0,20,0,6,6,0,0,43,4,17,75,0,10,8,9,1,9,0,13,7,19,7,0,11,0,6,11,14,0,27,1,12,33,5,31,11,4,0,0,1,0,0,0,11,7,16,4,1,29,10,19,51,0,0,6,10,0,8,10,6,0,0,20,0,0,2,14,0,0,3,8,15,6,10,77,6,0,16,0,0,2,26,0
2017-10-22,17,8,24,7,0,0,20,0,1,0,9,7,18,14,0,0,16,0,0,5,8,0,11,44,10,28,11,0,8,23,0,0,24,0,0,0,9,36,3,3,0,6,18,0,8,8,14,0,0,0,25,15,15,11,74,8,8,3,20,0,11,5,23,41,0,13,0,0,1,0,3,13,2,12,22,9,17,1,0,7,24,0,8,0,9,13,13,7,0,4,0,0,0,0,0,0,11,10,0,5,5,91,5,21,72,25,5,0,7,0,16,14,0,0,2,0,0,0,4,0,0,0,0,8,25,6,13,81,5,0,21,14,0,2,26,0
2017-10-29,24,5,8,7,0,0,9,0,0,0,10,7,31,9,0,0,0,0,0,5,0,0,3,30,5,30,8,0,14,43,0,0,0,61,5,0,5,28,1,6,14,0,29,4,12,12,21,0,4,0,18,15,2,19,21,3,10,3,11,0,34,4,3,29,0,12,16,0,1,3,7,12,2,10,8,9,6,3,0,4,11,0,20,3,15,7,6,10,6,4,0,0,1,0,12,0,12,4,17,6,5,41,2,17,48,0,11,7,16,0,4,0,0,0,0,0,0,0,3,0,0,0,0,4,16,3,7,62,5,0,17,5,0,3,6,0
2017-11-05,11,6,16,20,0,20,34,3,1,0,22,9,34,8,0,0,0,0,0,8,0,14,3,41,30,19,8,0,8,23,0,0,0,19,15,6,4,41,3,8,3,0,0,8,7,7,20,0,2,0,27,5,2,15,40,3,6,12,20,0,11,6,6,47,0,7,15,0,0,20,3,16,5,14,52,4,33,0,0,0,10,0,11,4,12,45,7,14,0,0,0,0,1,0,6,0,17,10,8,2,7,57,2,13,47,0,11,6,10,3,0,28,6,0,0,0,1,0,7,0,0,0,19,4,5,18,10,88,6,0,31,9,0,0,46,0
2017-11-12,23,10,8,14,0,31,18,3,1,0,12,2,18,6,0,0,0,0,0,5,0,0,3,32,5,15,10,0,5,42,0,0,12,0,16,3,13,33,1,5,0,0,9,4,4,4,4,0,2,0,19,5,9,15,34,0,4,9,21,0,44,3,3,49,0,6,8,0,1,3,3,12,4,7,15,14,12,0,0,0,2,0,12,1,11,33,3,7,0,0,0,0,0,0,23,0,17,11,16,4,1,49,2,3,22,0,0,2,5,2,0,5,13,0,2,0,6,0,1,14,0,0,3,4,26,9,7,56,4,0,5,10,0,1,18,0
2017-11-19,0,10,8,6,0,10,14,5,0,0,10,9,11,16,0,0,0,0,0,5,0,7,8,27,24,16,8,0,7,39,0,0,0,55,3,0,4,23,1,20,7,5,13,2,2,2,7,0,5,0,20,5,12,14,26,7,11,18,0,0,10,3,9,13,0,8,11,0,0,6,3,10,2,5,0,0,22,0,6,4,14,0,7,0,8,37,4,23,0,0,0,0,1,0,5,6,5,8,8,5,1,51,3,21,33,24,0,6,7,15,0,9,6,0,2,0,0,0,2,0,0,0,0,0,19,0,13,54,3,0,10,5,0,4,64,0
2017-11-26,33,4,8,0,0,30,17,0,0,0,17,4,31,3,0,0,0,12,0,5,0,7,0,23,20,22,6,0,5,40,0,0,61,19,5,3,4,30,2,3,14,6,22,8,9,9,15,0,2,0,17,5,21,11,60,5,10,27,10,0,21,4,20,7,0,3,15,0,0,3,10,12,4,2,0,4,5,0,0,0,22,0,8,0,8,38,4,9,5,11,0,0,1,0,11,0,11,8,0,5,1,52,3,13,24,0,0,4,0,20,8,9,0,0,0,0,5,0,2,0,0,0,0,4,10,12,13,55,6,0,21,9,0,2,52,0
2017-12-03,11,4,24,0,0,11,15,0,1,0,17,5,20,0,0,0,0,0,0,7,0,15,8,16,21,11,9,0,3,29,0,0,38,0,9,3,18,38,3,0,0,11,19,4,7,7,6,0,2,13,7,5,26,49,55,5,14,9,21,0,0,3,0,28,0,10,28,0,1,18,5,13,1,5,0,18,11,0,12,4,8,0,16,1,10,7,7,7,6,11,0,0,0,0,11,0,0,6,8,3,3,29,0,16,25,0,5,6,3,18,8,10,0,0,0,0,8,0,3,14,0,0,0,4,21,3,10,69,6,0,16,29,0,3,60,0
2017-12-10,11,10,8,7,0,10,33,0,1,0,14,11,15,6,0,0,0,0,16,9,0,0,3,29,52,11,16,0,7,24,0,0,37,19,7,3,7,30,1,8,0,0,5,11,8,8,8,0,7,0,7,5,13,30,48,5,12,12,0,0,44,5,13,14,0,4,4,0,0,6,10,11,2,7,23,5,11,0,6,8,4,0,8,1,11,40,0,10,0,0,0,0,2,0,6,0,0,9,0,5,3,10,0,8,46,0,0,9,5,23,4,10,6,0,2,0,5,0,1,0,0,0,7,0,15,9,24,52,5,0,32,63,0,3,53,0
2017-12-17,18,9,17,7,0,22,26,0,0,0,17,2,37,12,0,29,0,14,35,12,0,0,6,23,22,16,4,0,4,26,0,0,13,63,4,0,22,24,1,6,0,0,10,9,6,6,43,0,6,0,9,0,14,24,29,3,4,17,11,0,35,3,11,7,0,5,13,5,0,3,4,11,3,5,8,0,12,0,13,0,9,0,4,0,8,14,1,5,0,12,0,0,3,0,12,0,12,6,9,8,2,53,4,18,47,0,0,12,5,29,4,10,14,0,0,0,7,0,2,0,0,0,0,0,11,3,15,56,7,0,46,57,0,5,29,0
2017-12-24,14,12,10,0,46,25,7,0,0,0,12,6,24,3,0,13,0,0,20,11,0,9,0,13,13,24,7,0,9,36,0,0,15,24,8,4,5,40,2,10,4,0,6,5,1,1,18,0,4,16,8,0,3,9,50,3,5,15,12,0,0,4,8,0,0,7,14,6,0,7,2,10,10,12,18,6,14,0,7,0,8,0,19,0,9,16,5,6,0,9,2,0,1,0,0,0,7,9,10,5,5,30,2,3,33,0,0,8,9,19,5,24,15,0,0,0,4,0,2,0,0,0,0,0,6,4,4,33,5,5,6,58,1,4,14,0
2017-12-31,38,9,27,8,0,12,17,6,0,1,14,8,24,3,0,24,18,0,12,17,0,0,31,27,12,13,18,0,4,13,0,0,28,44,2,0,25,45,1,15,4,13,0,5,7,7,38,0,4,0,2,6,20,38,100,3,9,14,12,0,25,4,8,31,0,5,4,5,0,3,11,9,4,14,0,10,6,0,0,0,2,0,9,3,8,30,5,22,0,4,0,0,2,0,0,0,0,6,9,4,6,28,10,28,40,29,0,7,20,28,0,16,0,0,3,0,3,0,4,0,10,0,4,9,17,3,15,56,7,5,30,33,0,4,47,0
2018-01-07,34,16,16,48,0,31,26,0,1,0,16,9,22,3,0,0,0,0,24,23,0,0,8,16,36,17,16,0,6,35,0,0,25,19,15,3,7,39,2,5,14,6,18,15,13,13,29,0,2,0,0,5,17,49,96,0,2,16,72,0,22,4,24,21,0,6,8,0,0,9,8,9,2,0,23,13,6,0,6,8,8,0,12,3,5,33,7,15,0,0,0,0,1,15,6,0,0,12,16,14,10,53,3,22,60,0,0,13,10,19,4,39,6,0,0,0,6,0,5,14,0,0,0,8,10,0,34,68,9,4,22,73,0,3,27,0
2018-01-14,23,17,0,14,0,52,26,0,1,0,18,5,26,11,0,16,0,0,13,9,0,7,8,13,20,23,27,0,10,29,0,0,74,38,21,7,4,49,2,5,14,11,14,8,10,10,13,0,0,0,6,0,24,15,68,5,12,46,20,0,22,6,3,7,0,6,8,0,1,21,3,6,8,5,0,0,6,0,24,4,6,0,8,3,5,13,3,7,11,0,0,0,1,0,11,3,23,13,0,14,3,48,7,22,76,0,0,17,5,21,8,10,6,0,0,0,11,0,4,14,0,0,7,0,25,6,24,61,6,0,0,57,0,2,21,0
2018-01-21,22,12,8,13,0,20,23,3,0,0,23,16,22,3,0,21,0,0,24,18,0,0,13,10,10,25,12,0,6,35,0,0,12,19,7,0,13,28,3,10,7,0,27,10,13,13,10,0,2,0,6,10,19,29,46,5,8,12,10,0,42,6,3,7,0,13,19,0,1,17,7,7,4,5,7,0,6,0,0,0,4,0,19,4,4,13,1,14,11,7,0,0,1,0,22,0,11,14,16,6,6,67,2,8,79,50,5,2,12,17,4,14,0,0,0,0,3,0,3,0,0,0,10,4,0,6,40,65,6,4,36,37,0,3,69,0
2018-01-28,17,8,8,7,75,31,26,3,1,0,17,13,23,11,0,16,0,0,48,22,0,0,35,18,10,31,22,0,5,40,0,0,25,19,12,0,9,43,4,5,14,6,36,10,8,8,22,0,0,0,4,10,9,19,41,5,8,15,0,0,11,8,20,21,0,20,12,0,0,18,15,8,4,7,0,9,39,1,6,26,8,0,23,3,4,32,1,12,5,4,0,0,1,0,17,0,17,14,8,14,1,77,10,11,100,0,5,15,8,10,0,5,0,0,2,0,9,0,8,0,0,0,3,8,20,9,27,61,7,0,21,48,1,4,56,0
2018-02-04,34,13,8,21,0,10,27,0,1,0,16,16,35,14,0,11,0,13,38,30,0,0,22,27,36,26,25,0,4,36,0,0,13,20,10,10,13,46,3,5,4,35,14,2,18,18,28,0,2,0,2,0,13,30,55,5,10,38,21,0,22,5,10,0,0,13,12,0,2,12,10,5,3,17,15,18,12,0,0,8,10,0,16,4,6,27,1,5,0,7,0,0,1,0,23,0,6,8,25,14,3,30,11,25,68,0,0,4,3,25,0,20,26,0,5,0,14,0,4,14,0,0,10,8,41,3,28,78,9,0,16,44,0,4,42,0
2018-02-11,12,14,0,30,41,23,13,0,0,0,12,8,18,6,0,6,0,14,15,18,9,8,6,14,11,6,12,0,4,0,0,0,14,0,6,7,10,25,1,0,8,6,41,9,7,7,11,0,2,0,5,0,19,16,37,6,4,7,22,0,0,1,11,15,0,6,0,0,1,7,6,5,1,0,33,10,6,3,7,4,11,0,17,0,4,14,1,3,6,8,0,0,1,50,0,0,6,5,0,4,2,59,2,21,36,0,0,12,0,10,4,0,14,0,3,0,2,0,1,15,10,0,0,0,17,3,15,42,6,0,12,37,0,2,16,0
2018-02-18,16,14,15,13,72,40,17,0,0,0,23,9,44,0,0,10,0,0,16,36,0,0,10,28,15,27,40,0,6,34,0,0,24,56,5,0,34,22,3,10,0,11,44,10,13,13,25,0,0,0,12,5,8,14,13,0,2,21,39,0,31,3,16,0,0,14,11,9,0,40,11,10,3,9,22,0,11,3,0,4,16,0,22,0,8,13,6,2,0,14,0,0,2,0,11,0,0,11,15,11,6,23,3,16,62,0,10,6,5,17,0,19,18,0,0,0,13,0,5,0,0,0,6,0,5,9,59,49,8,0,10,55,0,6,31,0
2018-02-25,32,23,15,32,0,10,20,0,1,0,16,13,22,5,0,5,0,0,8,37,8,0,13,20,24,16,100,0,7,11,0,0,47,92,10,0,8,32,2,8,16,16,48,12,7,7,33,0,5,12,12,0,10,32,51,0,6,23,48,0,10,4,19,20,0,11,15,18,1,20,8,7,4,9,21,4,22,1,6,14,16,0,22,1,5,31,5,2,0,10,0,0,2,29,0,0,11,12,15,9,2,60,2,3,66,24,5,0,12,30,8,9,0,0,9,0,3,0,9,0,8,0,6,4,10,6,45,67,9,0,20,54,0,7,55,0
2018-03-04,21,10,15,6,0,29,22,0,1,0,13,8,24,18,0,20,0,12,15,100,0,13,15,22,14,37,41,0,4,43,0,0,58,18,16,0,8,56,3,10,0,11,43,6,8,8,11,0,6,12,12,9,12,21,57,0,7,17,9,0,20,5,19,26,0,7,11,0,1,14,5,11,2,7,21,0,11,3,0,11,10,0,18,0,4,49,3,11,5,0,1,0,1,0,37,0,0,11,23,10,5,45,2,10,55,0,0,18,7,16,0,27,6,0,0,0,7,0,8,13,16,0,0,0,14,20,63,63,8,0,35,89,0,6,49,0
2018-03-11,11,12,8,13,0,10,35,0,1,0,16,17,17,13,0,5,0,0,25,51,0,7,25,20,19,16,55,0,9,27,0,0,23,36,10,6,14,41,1,10,6,16,43,6,7,7,14,0,5,0,6,14,20,31,25,2,15,14,10,0,30,5,9,19,0,9,7,4,1,3,9,8,3,14,0,13,11,1,11,11,8,0,11,3,6,24,9,9,0,3,1,0,1,0,21,0,21,13,0,9,4,32,15,13,55,0,0,16,12,13,0,0,12,0,7,0,23,0,6,26,0,0,0,0,14,6,45,46,7,4,15,49,0,5,33,0
2018-03-18,16,15,22,0,0,10,25,2,1,1,17,2,11,8,0,0,0,23,13,37,8,0,8,20,14,13,41,0,6,22,0,0,11,0,2,0,21,33,3,5,3,5,39,4,4,4,13,0,5,0,14,0,24,28,31,5,13,17,9,0,0,2,28,19,0,13,14,13,2,14,12,6,3,7,35,17,16,3,0,11,8,0,22,1,5,12,5,18,0,3,0,0,1,0,11,0,5,11,0,12,2,32,23,20,35,24,5,12,5,11,0,0,6,0,4,0,48,0,8,13,0,0,6,7,14,6,25,48,8,0,15,53,0,3,55,0
2018-03-25,44,12,8,7,37,0,14,3,0,6,16,2,13,11,0,5,0,12,19,29,0,0,3,10,15,11,33,0,7,52,0,0,36,38,10,3,9,37,3,5,10,6,50,8,7,7,10,0,2,0,13,0,4,7,20,3,2,9,0,0,21,3,7,0,0,6,8,0,1,3,2,9,6,7,7,0,34,0,6,4,8,0,0,4,7,58,8,26,0,11,0,0,1,15,6,0,17,8,0,11,4,38,12,8,24,0,0,6,7,12,8,14,6,0,5,0,20,0,4,14,0,0,0,0,15,18,13,46,6,0,5,14,0,3,46,0
2018-04-01,16,11,31,13,0,0,11,2,0,4,16,9,19,16,0,10,0,0,10,33,0,0,3,27,19,8,26,0,9,11,0,0,0,18,5,6,0,39,3,5,3,16,61,2,5,5,2,0,5,0,0,5,12,43,13,5,6,38,39,0,10,5,13,13,0,6,0,0,1,11,8,7,4,12,7,0,22,0,17,4,12,0,19,3,8,25,6,9,0,4,0,0,1,0,11,0,22,10,0,7,2,37,7,13,41,0,0,10,10,12,0,5,0,0,0,0,10,0,4,27,0,0,0,7,19,23,10,39,7,4,5,23,0,4,23,0
2018-04-08,16,6,0,6,0,20,19,5,2,7,17,23,20,13,0,10,0,12,8,37,7,0,8,15,19,8,29,0,15,44,0,0,12,36,8,0,12,37,4,5,3,0,60,6,14,14,13,0,5,0,10,5,6,21,52,10,4,18,0,3,42,4,13,7,0,10,4,0,1,20,3,7,4,2,0,8,21,0,6,0,8,0,41,1,5,37,24,9,0,4,0,0,1,0,5,0,0,11,0,7,2,36,10,10,31,49,5,6,7,13,0,9,6,0,4,0,12,0,6,13,0,0,3,0,19,0,20,40,7,4,25,50,0,4,34,0
2018-04-15,5,12,15,13,0,0,22,2,1,12,16,21,17,5,0,15,0,0,15,59,7,7,0,27,19,5,29,0,12,27,0,0,12,0,11,16,17,37,1,5,3,11,47,6,9,9,20,0,5,0,12,0,24,14,26,2,9,15,0,0,31,6,3,6,0,11,7,0,1,8,14,6,4,11,7,0,26,4,6,4,8,0,29,3,5,24,8,7,0,3,0,0,1,0,11,0,11,9,0,3,2,32,3,20,46,0,5,12,10,11,7,14,12,0,0,0,23,0,6,13,0,0,3,4,10,17,42,52,6,0,20,31,0,6,44,0
2018-04-22,16,22,8,7,0,20,22,0,1,10,17,15,21,14,0,5,0,0,8,43,38,0,8,5,15,19,56,0,10,28,0,0,36,55,11,3,4,48,2,3,10,5,93,6,8,8,19,0,8,0,25,5,8,32,53,8,6,24,20,30,10,4,16,13,46,17,26,5,1,17,2,7,6,7,7,4,38,0,6,7,16,0,11,4,8,25,8,23,5,7,0,0,1,15,11,0,0,6,8,4,5,51,5,23,34,0,0,14,15,12,15,9,12,0,5,0,25,0,7,27,0,0,3,8,10,21,36,59,9,0,15,51,0,9,51,0
2018-04-29,28,10,8,7,38,31,24,0,1,5,23,11,12,17,0,11,0,0,11,19,16,0,3,16,15,3,30,0,14,24,0,0,25,19,5,7,27,18,1,8,3,17,46,15,7,7,10,0,5,0,13,5,15,26,20,3,8,12,0,3,22,5,7,14,3,9,12,0,2,12,8,5,2,2,0,14,6,0,0,0,19,0,16,3,5,46,7,10,11,0,0,0,1,0,23,0,11,8,0,5,2,39,9,25,68,26,5,11,8,12,4,5,19,0,0,20,25,0,2,0,0,0,3,28,20,40,24,45,6,4,16,48,0,6,62,0
2018-05-06,11,12,31,46,0,10,48,5,2,7,22,11,30,16,2,21,0,12,21,35,0,0,5,43,5,57,37,0,8,28,0,0,0,0,7,13,15,39,4,23,13,0,26,4,15,15,20,0,5,0,27,0,8,33,26,18,2,24,20,0,42,11,19,0,12,10,19,5,2,6,7,10,1,5,29,17,0,0,0,11,10,0,23,0,12,25,10,16,0,4,0,0,1,0,16,0,6,18,0,6,3,60,13,34,81,25,0,16,5,15,4,19,31,0,2,0,37,0,2,14,0,7,10,11,20,3,30,49,7,0,41,75,0,6,52,0
2018-05-13,44,12,31,7,0,20,25,13,2,10,24,9,16,11,2,0,0,0,23,27,0,0,5,35,5,66,25,0,12,11,0,0,12,0,3,3,19,39,3,8,7,0,27,12,10,10,24,0,22,13,21,10,17,22,93,13,4,21,0,3,21,6,13,7,9,24,8,0,2,20,10,8,5,14,7,17,16,3,0,26,6,0,15,0,6,19,6,12,0,4,0,0,1,0,5,0,0,21,8,7,3,79,8,23,37,0,5,21,10,13,15,9,0,0,5,0,33,0,2,14,9,0,3,15,20,24,56,58,9,0,31,47,1,5,46,0
2018-05-20,6,13,16,7,0,0,20,0,2,10,28,7,26,11,0,5,0,0,8,30,0,0,3,23,15,31,36,0,8,17,0,0,12,38,2,3,9,48,5,24,14,33,49,6,15,15,13,0,7,0,21,0,8,26,40,5,4,15,30,0,21,7,16,27,6,24,4,0,1,17,5,6,2,17,7,4,6,1,6,11,14,0,38,3,7,32,11,5,0,11,0,0,1,15,11,0,6,28,8,2,4,57,10,34,53,0,0,17,2,17,8,9,6,0,2,0,36,0,1,0,0,0,6,0,25,33,100,50,9,0,26,33,0,3,43,0
2018-05-27,11,16,8,20,0,0,12,0,0,14,28,18,18,14,1,5,0,0,27,34,0,7,11,5,0,17,44,0,11,35,0,0,37,0,2,3,15,30,2,3,7,0,64,8,14,14,7,0,2,0,15,0,11,22,20,3,2,6,10,3,22,7,64,14,3,9,0,0,1,6,17,7,1,2,8,0,17,0,12,0,4,0,23,1,6,6,3,12,11,0,0,0,1,0,28,0,11,42,0,5,4,19,0,19,38,0,0,9,10,21,8,10,0,0,2,40,34,0,2,0,0,0,0,8,26,34,75,65,9,0,5,48,0,5,18,0
2018-06-03,27,22,23,26,0,0,33,0,1,21,33,15,25,43,1,5,0,24,23,27,0,21,5,17,5,11,30,0,7,17,0,0,12,0,6,3,13,42,2,8,3,11,39,2,11,11,8,0,7,0,20,37,10,35,6,15,4,6,10,3,21,6,44,7,6,10,19,0,1,28,34,3,3,7,7,0,16,1,0,14,20,0,26,1,10,25,6,9,10,0,0,0,1,0,0,0,11,26,23,8,3,55,3,15,77,0,0,20,2,7,0,18,6,0,0,0,42,0,4,53,0,0,0,7,19,17,45,57,9,4,5,46,0,7,28,0
2018-06-10,5,25,7,12,0,0,16,2,0,15,28,16,25,23,0,5,0,0,12,36,7,6,5,26,18,13,41,0,13,21,0,0,0,17,6,0,12,34,4,7,3,5,37,11,16,16,22,0,16,0,12,4,17,17,30,9,5,11,0,3,10,5,24,12,6,12,11,0,1,19,9,4,4,9,0,4,20,0,5,3,11,0,21,1,7,29,5,11,0,3,0,0,1,14,5,0,21,21,14,2,3,61,3,27,44,23,0,12,7,5,0,0,12,0,2,0,39,0,5,0,0,0,0,4,18,27,55,50,9,0,29,34,1,2,48,0
2018-06-17,22,14,0,0,0,10,26,0,1,16,25,22,18,28,0,0,0,0,8,31,8,0,5,23,10,19,32,0,7,17,0,0,24,0,8,3,6,23,2,0,7,17,27,4,20,20,18,0,15,0,15,0,17,15,7,5,8,12,0,0,11,5,16,27,3,10,19,5,1,18,20,6,3,5,15,4,6,1,6,26,8,0,23,1,10,25,1,14,0,11,0,0,0,0,11,0,0,15,0,7,1,47,10,24,43,0,0,17,7,7,4,5,12,0,0,0,30,0,5,0,0,0,0,0,25,27,27,40,7,0,11,19,0,2,17,0
2018-06-24,16,16,0,20,0,10,17,7,2,14,28,9,14,30,0,10,0,0,10,22,16,7,5,13,15,17,24,0,9,23,0,0,12,37,0,10,9,30,1,3,3,0,40,8,10,10,19,0,15,0,10,14,19,18,20,8,11,18,0,0,31,7,29,33,0,14,30,0,1,17,3,6,3,0,7,4,17,1,0,4,6,0,11,3,8,6,7,9,5,0,0,0,1,0,11,0,5,16,15,2,1,24,5,24,41,0,10,19,7,2,12,5,12,0,2,0,19,0,1,54,8,0,0,4,10,6,33,40,8,0,5,37,0,5,31,0
2018-07-01,11,18,8,7,0,21,26,3,1,9,30,7,18,22,0,5,0,0,18,51,8,0,5,13,20,17,18,0,8,6,0,0,24,19,3,7,4,25,4,0,3,6,63,12,13,13,64,0,9,0,9,5,11,11,20,26,12,12,30,0,11,6,36,7,3,11,15,0,1,24,17,6,4,10,0,0,6,1,0,7,14,0,27,0,7,19,5,14,5,0,0,0,1,0,6,0,6,14,8,6,4,38,15,8,24,0,5,13,5,5,12,0,0,0,0,0,30,0,2,14,0,0,0,8,10,12,34,53,8,0,5,52,0,5,47,0
2018-07-08,6,14,8,13,0,51,23,0,1,15,22,4,26,8,0,0,0,25,24,31,8,0,5,28,5,22,25,0,5,23,0,0,12,19,5,10,0,27,3,5,0,11,45,6,12,12,30,0,5,13,9,15,28,11,13,26,8,0,0,0,11,5,23,7,6,16,8,0,1,12,5,4,2,2,0,0,28,3,0,11,4,0,8,0,4,45,8,14,0,7,1,0,0,0,0,0,6,17,8,2,2,33,9,27,29,0,0,2,13,3,0,5,25,0,2,0,23,0,8,14,0,0,3,0,5,21,47,52,6,0,21,38,0,4,9,0
2018-07-15,29,29,33,0,38,31,41,0,2,8,20,11,23,14,0,5,0,0,21,42,0,0,5,21,15,28,35,0,10,17,0,0,0,38,10,7,9,33,1,8,4,11,36,11,12,12,26,0,7,0,11,25,22,23,34,24,2,13,10,0,55,18,13,28,3,28,4,0,1,30,8,5,3,2,8,9,50,1,0,11,23,0,12,3,8,19,5,7,0,4,0,0,1,0,6,0,0,13,8,8,1,48,14,21,63,0,0,21,5,16,24,15,13,0,2,0,39,0,3,28,0,0,0,8,10,28,34,85,8,0,27,19,0,9,54,0
2018-07-22,33,10,31,7,36,40,20,0,2,6,29,16,32,3,0,11,0,0,8,36,8,0,13,13,5,6,36,0,9,29,0,0,12,38,5,10,9,32,3,8,3,34,41,0,10,10,29,0,8,0,17,29,23,25,53,23,8,3,0,3,21,9,36,13,9,18,23,14,1,14,24,4,5,14,0,13,50,0,6,15,14,0,15,0,8,39,4,12,21,0,0,0,1,0,0,0,17,15,8,10,4,52,12,24,29,0,0,38,32,12,12,14,0,0,2,0,22,0,4,0,8,0,3,4,10,24,30,70,9,0,5,46,0,7,31,0
2018-07-29,11,27,15,0,0,19,24,2,3,9,20,21,35,29,0,5,0,12,15,27,7,0,3,17,14,13,30,0,19,27,0,0,0,18,6,0,6,29,5,12,0,21,47,8,6,6,29,0,5,0,18,23,22,21,19,15,7,6,19,0,10,7,22,13,3,11,22,0,3,6,11,6,3,14,7,8,21,0,0,4,10,0,0,1,5,24,4,14,0,10,0,0,1,0,26,6,11,17,0,8,5,31,13,30,45,0,5,14,12,5,15,9,0,0,0,0,37,0,2,26,8,0,3,11,19,40,60,59,8,0,15,36,0,3,30,0
2018-08-05,15,13,37,12,0,28,56,2,1,18,23,15,45,21,1,0,0,0,5,31,0,0,10,19,14,21,24,0,22,48,0,0,11,53,5,9,12,38,3,7,6,21,29,27,7,7,20,0,5,24,8,13,22,17,37,14,5,0,28,3,10,5,36,13,3,15,21,13,1,11,11,6,4,0,21,0,26,0,5,17,6,0,7,0,9,30,0,4,5,10,0,0,1,0,21,0,5,17,7,2,1,49,5,17,42,23,0,20,16,11,18,9,12,0,2,0,28,0,4,26,0,0,3,0,9,33,34,89,9,0,24,44,0,4,35,0
2018-08-12,32,15,8,6,35,29,25,5,1,9,24,6,49,13,0,5,0,12,5,27,8,0,10,25,5,11,35,0,11,6,0,0,12,36,2,0,8,29,2,13,7,21,43,24,12,12,13,0,5,0,34,14,12,42,6,22,4,15,19,3,20,7,16,13,6,15,15,0,2,17,0,8,4,2,7,4,59,1,0,11,8,0,62,0,8,31,14,11,10,3,0,0,1,0,11,0,0,12,0,5,1,69,20,10,43,0,0,24,0,7,0,0,18,0,4,0,22,0,6,26,8,0,0,4,24,17,55,57,7,4,20,68,1,6,28,0
2018-08-19,16,10,23,13,0,39,24,0,1,11,23,8,20,34,1,10,0,0,15,23,0,0,13,27,5,13,25,0,8,16,0,0,12,53,5,6,8,38,1,5,10,11,60,16,7,7,8,0,5,0,18,14,12,21,32,5,2,15,10,3,10,9,28,19,3,14,15,0,1,25,16,6,2,2,0,17,5,1,6,7,6,0,11,4,6,6,7,9,0,3,0,0,1,0,26,0,5,14,8,2,5,36,44,20,35,0,0,16,9,15,4,5,0,0,0,0,29,0,0,0,0,0,0,7,29,29,26,59,7,4,20,40,0,6,22,0
2018-08-26,16,15,22,13,0,0,14,0,1,9,22,11,18,29,0,0,0,12,12,20,15,0,5,24,24,11,28,0,13,22,0,0,11,89,0,3,8,31,2,5,0,0,39,8,13,13,11,0,2,0,18,14,4,24,50,15,5,11,19,3,40,11,40,26,9,11,11,0,1,8,15,5,6,7,7,8,16,1,0,14,2,0,7,1,6,18,15,7,5,10,0,0,1,0,5,0,0,9,7,2,2,27,15,10,20,0,5,18,5,8,4,18,18,0,0,0,40,0,3,0,0,0,3,0,28,20,22,47,7,0,5,40,0,5,38,0
2018-09-02,38,10,23,20,0,0,23,3,0,9,23,11,30,16,0,0,0,0,13,21,8,0,5,28,10,17,13,0,8,23,0,0,12,19,0,0,9,26,3,5,27,0,45,14,5,5,3,0,7,13,19,10,8,22,26,15,2,9,20,3,21,7,36,7,3,6,4,5,1,14,20,2,3,7,0,9,5,4,0,4,4,0,11,0,7,13,7,0,5,4,0,0,1,0,11,3,0,12,0,0,3,70,10,18,34,0,5,15,2,12,4,5,0,0,0,0,27,0,4,0,0,0,3,11,10,18,40,29,8,0,15,23,1,5,29,0
2018-09-09,16,13,22,19,0,10,24,2,0,7,23,15,23,62,0,0,0,12,10,13,7,7,10,15,5,13,28,0,8,16,0,0,11,18,3,0,4,21,1,5,3,16,30,10,10,10,10,0,5,0,14,9,8,17,25,14,13,0,9,5,10,7,49,6,12,20,14,0,1,16,14,5,3,0,0,0,0,0,0,10,11,0,29,0,6,24,7,2,10,14,0,0,1,14,21,0,5,14,7,3,3,27,11,15,40,0,0,10,9,3,7,4,12,0,2,0,21,0,1,0,0,0,3,4,9,28,19,47,7,0,5,26,1,6,14,0
2018-09-16,27,16,15,26,35,49,27,0,1,12,30,15,40,32,0,10,0,12,12,32,7,0,0,32,5,11,37,0,15,22,0,0,12,36,3,3,10,17,2,3,7,5,43,14,9,9,11,0,10,12,20,5,10,21,26,7,2,0,10,0,0,8,50,26,12,16,7,0,2,22,13,8,4,9,7,0,16,5,0,21,6,0,18,4,8,18,8,5,5,0,0,0,1,0,11,0,22,13,15,5,2,54,19,15,41,0,0,8,5,5,11,5,6,0,0,0,25,0,1,13,0,0,3,0,14,23,32,71,11,8,20,18,2,4,14,0
2018-09-23,16,18,0,0,36,30,8,0,1,13,23,6,23,21,1,20,0,24,12,15,15,0,5,10,9,24,46,0,14,16,0,0,0,0,3,3,10,22,6,3,7,0,47,22,7,7,16,0,0,12,27,9,4,36,26,7,6,3,10,8,31,12,41,13,6,7,4,0,3,17,8,3,6,7,0,21,5,1,6,14,6,0,11,1,5,18,10,14,10,4,0,0,1,14,5,0,0,19,15,0,3,76,16,15,51,24,0,8,7,10,4,14,6,0,4,0,21,0,4,27,8,0,0,7,39,44,16,44,11,8,5,32,1,4,20,0
2018-09-30,16,19,30,13,0,10,17,0,2,7,42,11,28,27,0,10,0,0,20,20,15,0,3,20,5,24,40,0,15,27,0,0,12,90,5,0,10,25,3,10,7,5,39,18,9,9,20,0,3,24,30,14,4,18,19,17,20,23,10,0,62,14,38,7,3,10,4,0,2,28,19,11,3,9,14,17,43,0,0,7,10,0,29,0,7,18,11,7,5,0,0,0,1,0,11,0,0,22,8,2,2,41,100,15,46,24,0,8,10,7,8,0,6,0,0,0,28,0,5,0,0,0,6,15,24,32,32,54,10,4,30,45,2,5,19,0
2018-10-07,27,31,8,13,0,40,34,5,1,14,42,17,20,19,1,5,15,0,10,23,0,0,8,8,10,22,30,0,10,39,0,0,0,37,2,10,8,16,1,8,10,27,35,12,24,24,11,0,3,0,29,19,4,14,6,10,13,6,10,0,0,11,29,20,3,21,0,0,1,20,19,7,4,14,7,9,27,1,0,11,10,0,7,3,6,25,8,14,0,4,0,0,1,0,16,0,0,19,8,1,2,37,50,13,41,0,5,8,2,5,8,5,6,0,0,0,29,0,8,27,8,0,0,7,29,23,16,67,9,4,15,41,1,5,17,0
2018-10-14,11,39,16,20,36,50,51,0,1,18,26,17,21,38,0,5,0,24,18,26,8,7,8,10,10,25,47,0,10,39,0,0,12,18,3,16,9,24,4,13,7,16,40,12,18,18,30,0,5,0,48,19,2,14,20,10,13,15,20,5,42,15,48,33,0,22,19,0,2,29,15,4,4,12,7,9,16,4,6,11,6,0,19,4,7,31,6,23,11,11,0,0,1,0,16,3,11,16,8,5,4,42,27,18,29,0,0,17,12,8,8,9,31,0,0,0,24,0,7,41,0,0,9,0,25,29,49,49,13,4,31,60,1,6,23,0
2018-10-21,11,84,8,19,36,40,45,5,1,7,27,24,24,19,1,0,0,0,8,24,8,14,13,10,10,8,46,0,15,22,0,0,0,19,5,0,32,31,4,10,10,0,53,12,10,10,16,0,5,12,39,9,43,32,26,23,9,18,20,3,10,13,48,0,3,12,37,14,2,31,11,4,7,12,7,4,16,7,0,18,28,0,7,7,6,76,9,18,16,7,1,0,1,0,22,0,16,19,0,7,4,51,22,21,57,0,16,14,19,12,4,14,37,0,5,0,28,0,7,0,0,0,3,11,24,29,33,68,14,4,36,60,1,10,17,0
2018-10-28,29,66,16,7,0,0,24,0,2,17,43,25,32,54,0,11,0,0,22,29,0,0,22,29,26,14,60,0,16,100,0,0,25,39,5,17,25,28,8,16,11,40,56,32,19,19,18,0,7,13,35,10,40,27,28,11,14,3,10,3,22,11,34,21,10,18,24,0,2,15,17,3,8,5,15,14,11,7,6,19,15,0,8,1,6,66,7,17,6,15,0,0,2,15,11,3,12,24,16,1,6,83,12,30,41,0,0,19,13,14,8,5,13,0,2,0,34,0,5,29,0,0,0,12,16,56,21,45,11,8,16,54,0,10,21,0
2018-11-04,32,56,15,26,0,39,71,2,1,27,27,15,35,26,0,0,0,24,23,26,0,0,15,22,14,85,46,0,21,22,0,0,0,18,8,0,41,31,3,8,16,16,39,22,12,12,13,0,8,12,32,18,14,14,38,25,11,23,48,3,41,10,50,20,6,11,15,9,2,20,16,10,2,5,0,8,11,4,11,21,14,0,29,4,14,49,11,16,5,17,0,0,1,0,27,0,5,20,0,5,3,32,26,15,58,24,0,18,17,13,7,9,6,0,0,0,39,0,8,26,0,0,6,7,29,29,32,69,12,4,15,72,2,9,22,0
2018-11-11,47,43,8,0,39,43,36,3,1,8,24,16,22,14,1,11,0,26,19,26,0,7,11,24,5,26,37,0,26,24,0,0,0,0,4,3,9,20,1,14,0,17,42,24,7,7,16,0,5,0,20,5,20,19,49,5,12,10,10,3,45,5,65,36,10,13,8,0,1,12,5,11,9,3,8,28,12,7,0,23,13,0,36,1,9,54,3,25,0,4,0,0,1,16,6,0,24,13,17,8,2,50,30,6,42,0,0,11,10,5,16,20,0,0,2,0,25,0,4,29,0,0,0,20,16,31,42,69,8,4,27,44,1,7,18,0
2018-11-18,16,42,23,19,0,10,31,5,0,10,26,9,20,21,0,21,0,0,31,21,8,7,3,15,5,11,36,0,27,17,0,0,0,18,0,0,13,27,4,8,3,0,22,20,12,12,12,0,7,12,29,28,6,28,39,10,11,6,29,0,31,3,38,40,9,11,7,0,2,8,35,6,3,2,14,0,5,9,0,22,14,0,22,4,7,50,4,5,0,0,0,0,2,0,49,0,5,18,8,4,2,32,12,28,15,0,0,4,0,3,11,9,18,0,5,0,16,0,6,0,0,0,0,4,15,23,19,45,9,4,30,41,1,8,17,0
2018-11-25,17,52,16,40,0,10,43,0,1,10,29,16,21,33,0,11,0,12,16,19,0,0,3,26,30,17,68,0,35,29,0,0,12,19,0,0,15,29,2,8,10,28,72,20,8,8,18,0,12,13,10,24,4,18,33,5,23,18,20,0,32,8,32,20,19,6,15,23,1,20,26,7,1,12,0,0,100,11,6,7,10,0,15,6,9,26,11,21,0,4,0,0,2,0,11,0,17,14,16,6,1,33,22,16,50,25,0,21,7,19,12,9,6,0,0,0,36,0,7,14,17,0,6,11,15,45,23,71,14,4,10,19,7,9,14,0
2018-12-02,29,62,16,7,0,32,48,0,1,6,23,7,43,29,0,6,0,0,14,29,0,0,6,32,37,18,51,0,32,30,0,0,38,0,16,3,20,27,6,8,0,6,90,23,14,14,31,0,11,0,13,15,4,34,48,11,8,16,31,6,22,4,44,14,6,4,8,0,1,12,14,8,4,20,0,9,23,11,0,27,10,0,36,1,5,27,8,17,0,4,0,0,2,0,6,3,0,20,8,5,3,30,21,14,52,0,6,13,10,11,0,30,7,0,2,0,53,0,4,14,9,0,3,12,31,56,28,53,14,4,16,39,8,6,33,0
2018-12-09,30,47,9,0,0,99,25,3,3,12,25,19,50,33,1,6,0,13,14,24,0,8,9,33,54,15,39,0,34,43,0,0,0,20,5,4,5,28,4,17,18,30,29,40,10,10,17,0,16,0,23,26,9,24,29,14,23,7,54,9,23,14,53,15,3,12,8,0,1,13,9,5,5,13,0,5,6,1,0,48,11,0,45,5,8,42,9,28,0,12,0,0,2,80,0,0,6,16,17,3,1,62,20,20,26,0,6,5,5,15,13,21,0,0,3,0,36,0,5,0,0,0,0,42,11,32,14,55,9,4,11,56,8,9,37,0
2018-12-16,18,49,17,7,81,34,22,3,2,9,18,10,35,12,0,6,0,0,26,23,0,8,6,28,28,15,36,0,30,32,0,0,40,21,0,4,7,35,2,9,7,0,45,16,7,7,49,0,13,56,9,0,16,8,37,20,36,3,55,15,23,10,40,30,10,8,13,5,1,26,11,8,6,18,0,5,37,3,0,25,4,0,25,6,6,21,4,37,6,4,0,0,2,16,19,0,0,15,35,4,2,37,19,12,44,0,6,9,16,9,17,0,7,0,5,0,28,0,4,15,0,0,4,8,22,20,37,90,12,4,35,21,12,6,13,0
2018-12-23,43,38,20,9,0,0,22,0,1,8,20,11,19,11,0,14,0,0,7,14,0,9,3,10,0,14,15,0,17,44,0,0,0,0,6,0,45,18,2,10,4,7,23,21,5,5,13,0,9,16,5,25,3,24,34,7,15,12,0,4,41,8,17,17,4,9,5,12,1,34,8,5,1,12,0,6,7,7,0,24,18,0,15,4,6,41,7,34,7,0,0,0,1,0,36,4,7,12,0,0,5,37,13,14,20,0,7,14,3,11,20,0,16,0,3,25,25,0,4,18,0,0,4,15,6,27,30,52,6,5,20,54,7,6,7,0
2018-12-30,27,65,29,8,0,25,28,9,2,15,22,11,41,30,0,13,37,0,16,15,0,9,6,18,24,13,27,0,26,55,0,0,29,68,2,4,21,20,1,0,8,13,54,30,24,24,20,0,10,0,13,12,13,18,24,16,19,11,12,17,26,6,12,33,4,15,9,11,3,21,4,5,5,23,9,5,20,5,0,27,22,0,23,0,8,46,10,11,6,0,0,0,1,18,20,0,7,16,10,9,2,46,14,22,48,0,0,20,21,14,38,11,7,0,0,0,29,0,6,0,10,0,8,23,36,22,20,45,11,0,13,40,7,8,24,0
2019-01-06,46,58,0,21,0,42,30,0,1,10,34,14,55,17,0,6,0,13,17,36,0,0,14,43,53,18,51,0,37,72,0,0,0,0,12,3,20,33,6,5,4,0,57,38,19,19,52,0,12,26,4,10,9,30,21,11,24,19,10,31,11,8,37,14,0,15,24,14,3,30,20,8,6,22,23,19,18,6,0,31,31,0,20,3,9,27,7,39,0,8,0,0,3,0,18,0,6,21,8,11,1,45,32,22,52,0,0,16,18,13,8,5,7,0,2,0,47,0,9,0,9,0,3,12,10,34,21,70,13,4,27,68,14,9,39,0
2019-01-13,11,73,0,21,38,42,36,3,2,24,27,19,42,34,0,11,0,0,22,29,16,7,8,19,21,14,55,0,34,48,0,0,13,20,3,7,25,30,3,22,0,6,70,47,19,19,37,0,21,13,7,15,18,4,21,8,16,6,31,11,22,7,41,21,13,12,12,14,3,21,19,7,6,37,15,14,35,18,0,19,25,0,20,6,10,100,5,29,22,15,0,0,3,62,12,0,17,21,25,5,2,64,30,28,99,26,16,24,8,23,41,10,6,0,0,0,61,0,5,14,18,0,3,16,21,28,31,63,15,0,32,73,17,9,63,0
2019-01-20,27,54,23,7,72,20,26,5,1,17,24,11,28,14,0,10,0,0,8,26,8,7,16,36,25,11,42,0,23,28,0,0,12,38,3,3,11,36,0,13,3,17,45,18,15,15,31,0,13,12,4,5,12,14,20,3,6,18,10,14,21,7,26,13,6,10,11,5,2,23,21,7,5,12,29,18,6,7,6,7,16,0,11,3,7,70,13,42,0,4,0,0,2,58,0,0,11,16,23,6,3,52,29,19,62,0,37,25,10,14,39,9,0,0,2,0,49,0,4,14,0,0,3,4,20,18,36,56,15,12,41,46,14,7,43,0
2019-01-27,34,62,24,13,37,31,43,10,2,25,25,20,45,50,1,0,0,100,8,19,0,0,11,23,20,17,45,0,43,58,0,0,0,19,0,7,20,47,2,16,14,6,64,37,18,18,34,0,21,0,9,10,6,15,61,16,19,18,51,8,65,6,46,14,9,14,35,14,2,35,22,9,4,12,22,13,17,1,0,34,16,0,27,3,5,77,11,22,5,18,0,0,3,0,11,3,0,21,32,7,6,72,29,38,72,25,21,15,23,15,28,5,13,0,0,20,53,0,6,14,0,0,3,12,20,30,27,71,100,4,26,48,17,11,41,0
2019-02-03,22,50,8,13,0,20,55,0,2,11,30,27,37,53,0,11,0,37,21,32,8,0,3,26,30,28,56,0,37,29,0,0,24,0,5,3,0,54,2,5,17,11,50,43,16,16,24,0,22,13,19,19,9,15,33,21,37,18,10,19,11,8,36,7,3,7,23,28,3,12,55,9,9,19,22,13,11,5,0,7,22,0,31,1,8,39,13,29,0,7,0,0,4,15,50,0,23,22,16,2,4,67,27,27,43,0,32,21,20,24,24,10,6,0,2,0,44,0,15,0,17,0,3,31,20,36,27,67,42,0,5,24,18,8,41,0
2019-02-10,16,36,31,19,71,20,33,7,2,20,31,11,76,29,0,5,15,24,15,25,15,0,5,30,10,5,55,0,28,33,0,0,0,0,6,3,15,25,3,10,13,11,69,50,7,7,23,0,16,12,22,9,14,7,32,15,24,100,19,3,10,8,38,13,0,11,26,0,2,37,45,6,3,9,0,8,21,1,6,47,20,0,33,3,6,62,14,25,10,4,1,0,3,29,21,0,11,18,8,2,6,59,20,43,46,0,5,16,7,8,34,18,6,1,4,0,31,0,7,0,0,0,6,33,39,26,19,62,27,0,10,55,9,12,34,0
2019-02-17,16,54,31,33,0,40,31,7,1,16,35,24,50,65,1,10,30,12,36,15,8,0,23,33,25,16,38,0,31,28,0,0,12,37,5,0,23,57,2,10,3,5,53,62,16,16,27,0,23,12,19,14,10,14,39,10,30,59,20,5,52,6,38,20,0,14,45,9,5,51,37,12,10,9,0,0,5,11,6,15,18,0,22,0,13,25,17,26,16,11,1,0,4,29,16,0,22,16,23,6,2,70,30,21,41,0,21,15,10,17,23,9,6,2,0,0,40,0,3,13,17,0,0,11,24,32,29,58,21,0,10,37,21,11,23,0
2019-02-24,33,44,31,20,37,40,23,3,2,24,29,9,51,22,0,37,0,12,29,18,0,0,8,28,30,25,23,0,28,58,0,0,12,38,8,13,22,66,3,10,7,6,59,37,14,14,32,0,19,25,17,5,8,15,33,8,38,72,40,11,21,3,36,20,3,13,84,23,4,61,38,9,8,10,7,31,11,9,6,22,10,0,30,4,6,45,24,33,5,0,0,0,6,15,22,0,6,19,24,7,8,24,15,56,45,100,11,6,17,9,16,14,13,5,2,0,24,0,8,0,9,0,10,8,50,33,20,46,18,4,16,28,17,9,77,0
2019-03-03,18,39,9,30,41,11,16,3,1,19,26,10,41,12,0,29,0,0,6,12,9,8,9,9,6,22,36,0,13,19,0,0,13,21,6,7,10,52,2,9,4,0,20,34,9,9,8,0,8,42,7,0,5,4,67,3,41,24,11,6,47,3,11,8,7,6,47,5,3,36,27,5,4,8,8,15,6,2,7,12,4,0,13,0,5,43,12,29,6,4,0,0,3,33,31,0,12,10,53,5,18,27,8,18,18,0,12,5,11,2,9,5,0,3,5,0,23,0,3,0,10,0,4,13,17,27,19,30,12,9,6,31,8,7,38,0
2019-03-10,38,52,39,33,73,50,20,3,6,22,30,13,46,41,0,31,15,49,24,25,8,0,11,26,55,14,31,0,23,28,0,0,12,0,7,6,15,55,7,5,13,11,27,55,13,13,28,0,25,13,8,10,6,25,26,8,40,36,20,3,0,8,58,7,3,8,38,0,4,26,16,9,6,7,15,0,33,3,12,18,10,0,38,4,7,19,20,37,27,14,0,0,4,15,44,0,11,17,0,2,16,33,20,34,50,0,26,15,17,7,39,23,0,3,2,20,36,0,5,27,8,0,3,23,79,21,59,68,18,8,15,79,12,16,17,0
2019-03-17,21,45,8,26,36,59,17,7,3,18,28,30,37,53,0,25,15,12,20,27,0,7,21,35,19,13,52,0,24,11,0,0,23,0,10,0,31,70,6,25,16,16,100,34,13,13,19,0,28,86,12,9,12,32,65,10,45,26,19,19,41,8,22,7,15,8,44,0,4,40,32,15,10,7,36,21,11,3,0,29,20,0,29,0,7,12,18,34,10,7,0,0,7,58,38,3,33,17,23,5,22,55,23,13,64,24,25,10,17,23,23,5,6,6,4,19,39,0,4,53,8,0,6,7,92,23,52,92,18,4,10,64,10,11,42,0
2019-03-24,38,51,15,39,0,20,23,3,2,29,39,13,36,43,0,10,0,24,21,23,0,0,3,50,0,8,37,0,33,17,0,0,12,18,7,3,17,65,7,15,3,5,53,34,17,17,18,0,13,62,15,19,15,22,33,8,38,21,20,3,21,6,48,27,15,6,56,14,3,43,34,9,10,12,36,9,27,9,6,29,12,0,26,0,7,31,12,16,0,7,0,0,5,0,11,0,6,13,47,6,13,47,28,31,78,0,36,10,17,10,35,14,6,10,5,0,38,0,2,54,42,0,16,34,34,18,39,82,15,8,0,41,11,11,31,0
2019-03-31,34,34,8,7,37,10,46,0,2,21,34,52,47,36,1,27,16,12,21,18,16,7,5,18,30,11,40,0,39,41,1,0,0,19,7,7,24,74,2,11,0,11,41,37,11,11,16,0,17,13,15,19,4,18,34,8,60,58,50,8,21,4,30,20,3,10,39,0,5,76,22,9,9,14,30,0,22,18,0,26,10,0,38,4,4,45,21,7,11,22,0,0,5,15,23,0,6,17,16,4,12,29,26,11,53,25,27,19,7,3,36,10,13,13,5,0,30,0,1,28,9,0,10,8,35,24,27,48,12,4,0,38,12,10,41,0
2019-04-07,22,30,23,7,0,0,37,3,1,16,19,16,27,27,1,5,15,0,21,20,8,7,3,46,35,11,34,0,30,40,1,0,0,37,2,6,19,48,2,13,7,0,72,36,18,18,14,0,25,25,12,24,0,22,33,3,53,27,20,5,0,9,48,13,12,1,26,9,2,40,21,9,8,24,15,4,11,9,12,29,12,0,15,6,4,45,14,9,0,7,0,0,5,29,28,3,6,25,39,5,14,38,24,16,34,49,11,13,7,3,23,0,25,5,0,0,28,0,0,27,42,0,6,26,25,12,20,60,13,8,10,55,11,7,40,0
2019-04-14,24,28,9,15,0,11,25,8,3,13,23,10,21,33,0,0,0,13,17,21,9,0,20,17,33,18,31,0,33,0,16,0,0,0,2,4,21,41,5,14,7,24,89,25,3,3,7,0,9,14,16,5,5,16,0,8,23,26,0,0,23,7,36,22,3,3,38,15,2,25,27,16,2,26,24,5,12,12,19,4,15,0,29,3,5,7,10,15,6,8,0,0,4,16,18,0,6,21,9,4,10,26,19,9,20,0,17,5,11,17,21,5,0,2,5,0,13,0,4,0,0,0,10,0,22,29,22,48,9,0,6,41,10,9,6,0
2019-04-21,11,37,8,26,36,20,29,8,3,22,29,13,17,27,2,21,0,12,37,40,0,7,8,15,30,20,27,0,62,29,10,0,12,19,8,6,15,44,6,8,3,11,63,53,9,9,15,26,17,25,48,24,4,25,20,8,44,12,10,14,42,7,100,20,12,17,38,5,2,14,19,16,5,26,15,53,11,18,0,11,20,0,4,4,8,32,23,28,5,11,1,0,4,15,22,3,0,18,8,4,14,33,43,13,60,25,37,17,12,7,12,0,12,11,2,0,40,0,5,0,25,0,0,4,25,50,13,60,10,8,10,32,14,10,40,0
2019-04-28,22,32,24,20,0,31,12,5,1,21,21,31,23,22,3,11,31,25,40,27,8,7,8,13,20,14,35,0,37,12,7,0,12,19,7,3,9,32,5,19,7,17,73,19,8,8,15,53,22,64,11,5,11,30,34,5,49,37,20,8,11,6,83,69,9,9,77,0,3,32,18,12,6,7,15,58,11,11,6,4,22,0,27,4,14,32,9,22,11,11,0,0,3,0,28,0,6,12,16,4,12,14,24,19,53,25,11,13,20,5,12,5,0,4,9,0,27,0,3,0,9,0,3,12,20,42,20,39,10,0,21,38,14,4,50,0
2019-05-05,22,45,47,53,0,50,39,5,2,30,34,18,49,33,0,26,15,12,34,23,0,0,13,28,30,19,32,0,31,17,5,0,12,0,3,6,15,26,5,13,7,16,31,40,9,9,13,44,15,25,46,10,6,11,33,8,76,18,49,11,0,6,42,33,37,1,38,14,3,23,24,8,8,26,22,48,11,8,0,11,4,0,26,3,12,19,12,12,26,18,0,0,5,29,33,3,11,14,23,5,9,33,17,13,34,0,16,10,15,12,15,0,6,31,9,0,30,0,4,27,8,0,9,27,20,21,20,59,12,8,10,46,23,10,88,0
2019-05-12,16,35,39,7,0,50,25,5,2,24,27,11,32,35,0,41,0,0,26,17,8,7,13,28,25,33,21,0,31,17,6,0,12,19,3,6,4,43,9,10,10,16,49,28,12,12,13,29,15,0,33,0,8,18,13,3,55,12,39,11,21,9,42,73,15,15,23,18,2,29,21,19,8,14,7,82,27,5,0,25,28,0,78,1,6,44,32,14,11,4,0,0,5,0,77,0,22,12,0,2,14,42,13,5,36,25,5,8,5,15,38,9,6,39,0,0,59,0,2,0,0,0,3,23,59,29,26,63,14,4,26,37,19,10,20,0
2019-05-19,27,43,8,0,35,78,17,0,2,17,26,21,26,24,0,10,0,0,36,13,8,0,5,37,39,11,46,0,24,28,9,0,0,18,3,6,4,42,9,5,3,27,35,33,9,9,23,54,28,37,32,14,10,14,45,22,59,23,29,13,20,7,50,52,3,11,37,4,3,20,30,21,3,21,14,64,11,18,0,14,8,0,44,1,7,31,18,23,10,10,0,0,5,71,38,3,0,14,30,4,6,32,23,13,25,0,20,6,7,25,30,5,0,30,4,0,38,0,6,27,0,0,15,44,19,55,26,49,12,4,45,36,14,7,61,0
2019-05-26,21,31,30,19,34,48,27,5,2,36,30,27,30,36,0,15,14,0,39,26,22,20,5,58,23,13,35,0,36,5,13,0,34,0,6,3,33,55,5,2,3,47,76,48,9,9,14,14,24,36,42,14,16,21,69,14,60,11,9,28,20,5,52,64,0,5,61,4,3,33,26,24,8,25,14,54,10,9,5,14,25,0,29,1,14,48,23,29,15,10,1,0,6,42,68,0,11,14,30,7,9,40,21,7,55,24,30,22,16,3,40,9,6,23,11,19,68,0,3,39,16,0,3,50,19,39,16,73,13,4,20,31,21,9,46,0
2019-06-02,36,35,0,6,0,0,24,7,2,20,30,10,33,21,0,15,14,0,25,22,15,100,3,31,33,8,20,0,29,43,5,0,23,35,3,6,20,50,7,10,16,31,29,50,12,12,14,35,22,59,56,9,12,34,38,2,49,20,28,8,10,5,34,70,3,12,43,4,4,36,12,17,6,23,35,25,16,5,5,14,28,0,50,5,8,78,22,22,5,34,0,0,5,28,42,0,16,16,7,3,13,49,22,15,55,47,30,14,2,19,40,9,12,14,2,19,85,0,3,0,16,0,9,43,56,39,35,77,10,7,5,18,30,9,60,0
2019-06-09,32,23,8,26,0,20,24,5,2,32,28,21,39,27,1,5,15,12,22,26,22,21,8,49,48,13,38,0,39,33,4,0,47,54,5,3,21,46,6,10,3,11,47,59,5,5,12,29,31,24,37,14,10,21,64,5,41,20,39,13,21,5,44,46,57,7,37,4,3,8,22,11,6,30,36,33,11,6,6,39,19,0,48,3,10,30,21,25,0,17,0,0,6,29,42,3,16,18,15,2,12,45,26,18,48,48,15,16,10,19,33,5,0,14,4,0,80,0,6,0,8,0,9,44,19,89,10,75,13,4,35,59,33,7,47,0
2019-06-16,6,23,8,27,0,52,27,5,2,46,21,11,16,45,1,27,0,13,19,16,16,15,5,37,57,6,21,0,26,24,4,0,37,19,2,3,11,52,3,5,3,23,23,44,3,3,21,42,24,26,28,5,0,23,34,5,40,28,0,25,22,5,34,28,6,9,28,10,4,15,19,9,12,20,15,36,6,18,0,4,19,0,23,0,7,33,26,27,22,11,5,0,5,0,17,3,17,22,8,0,9,44,26,14,35,0,22,7,5,14,12,15,6,16,0,0,65,0,4,0,18,0,7,32,31,12,45,39,9,4,27,39,15,12,24,0
2019-06-23,38,23,8,39,0,40,28,7,2,71,28,15,38,32,0,20,0,0,30,20,0,21,10,44,87,5,27,0,38,28,14,0,47,54,3,3,17,40,7,8,17,70,57,58,9,9,6,40,30,25,29,28,12,14,26,3,51,44,19,11,0,6,29,26,3,12,30,18,4,37,24,14,12,26,22,51,21,22,0,32,14,0,52,5,10,56,11,35,21,18,21,0,6,14,48,0,5,21,15,12,17,50,10,23,28,0,26,10,10,16,26,18,0,12,0,19,66,0,8,0,17,0,3,49,19,67,32,59,8,15,25,50,19,9,20,0
2019-06-30,44,33,15,13,0,30,28,8,2,45,24,18,36,49,4,26,15,61,60,30,0,28,5,48,45,22,28,0,26,11,3,0,36,74,2,3,30,26,5,13,13,66,31,40,4,4,10,37,37,0,44,9,15,7,65,5,47,27,20,8,0,8,42,100,3,11,11,9,6,14,23,15,10,9,7,35,66,11,6,47,14,0,56,1,7,25,16,33,5,21,100,0,8,29,49,0,11,18,8,8,17,80,27,21,26,0,47,12,7,10,15,19,0,10,2,0,92,0,3,54,17,0,3,49,10,100,16,72,11,19,31,32,37,11,60,0
2019-07-07,28,39,16,27,0,10,23,0,2,36,34,18,46,28,14,38,47,13,38,29,8,7,5,39,36,17,32,0,32,23,6,0,25,58,9,3,4,45,6,29,10,17,28,10,8,8,12,41,12,13,30,5,6,30,68,8,27,25,20,8,43,10,40,62,22,7,47,5,4,24,22,9,9,27,8,58,17,15,0,49,27,0,50,0,13,46,20,22,16,11,34,0,7,45,51,0,17,15,16,6,19,63,16,8,40,25,38,11,10,7,40,5,6,24,7,20,87,0,26,28,9,0,16,39,30,48,10,63,11,8,26,100,46,15,53,0
2019-07-14,28,28,16,20,0,51,43,3,2,32,23,20,27,22,12,11,15,0,42,16,16,7,13,31,45,22,33,0,30,23,4,0,0,19,2,10,24,28,5,21,10,50,50,35,14,14,10,30,24,0,45,10,6,29,13,10,27,24,20,14,11,5,53,82,25,9,35,14,9,23,27,10,20,24,52,22,0,12,6,45,18,0,80,0,19,45,12,26,0,7,18,0,11,15,28,0,17,14,8,5,9,57,17,21,40,0,27,15,15,14,16,10,6,30,5,0,98,0,33,0,9,0,13,46,25,45,20,49,9,8,37,43,38,9,64,0
2019-07-21,50,54,8,20,0,10,14,13,3,28,21,33,40,41,100,0,0,0,100,17,0,0,11,23,45,22,18,0,59,40,6,0,36,38,8,3,19,33,11,21,7,33,14,18,6,6,14,44,20,13,46,10,17,15,33,8,48,21,50,8,42,4,72,34,22,6,27,9,4,44,18,13,13,31,7,70,6,7,6,44,20,0,42,4,23,51,9,38,16,11,16,0,8,0,22,3,22,15,31,1,9,28,26,13,26,25,21,13,17,7,20,9,6,24,2,0,75,0,16,0,34,0,6,42,15,74,17,65,8,12,42,47,30,17,63,49
2019-07-28,16,44,0,13,35,39,19,0,2,27,29,32,29,19,47,15,15,0,53,11,8,0,21,40,19,13,29,0,37,22,7,0,12,0,6,13,19,33,12,13,10,38,39,34,12,12,13,43,28,24,45,19,6,18,13,7,52,29,29,19,10,4,60,52,0,8,55,4,3,34,24,7,20,25,14,59,11,9,6,29,39,0,29,4,27,68,13,37,10,21,15,0,8,0,38,0,11,20,23,7,11,37,20,15,43,0,76,20,5,7,26,9,0,16,4,0,74,0,20,13,8,0,9,26,43,40,13,42,10,8,55,27,39,15,64,4
2019-08-04,54,31,23,0,36,89,19,5,1,30,31,24,58,21,19,56,0,0,23,22,8,14,47,69,48,8,23,0,33,50,1,0,12,0,3,0,31,42,9,25,10,32,43,58,11,11,10,51,26,12,53,19,4,25,32,15,24,24,49,24,21,5,57,46,9,8,15,32,6,34,32,10,28,47,43,34,21,9,40,50,24,0,44,3,58,25,30,21,10,4,21,0,5,14,27,3,16,17,8,13,8,32,74,69,51,0,66,20,12,5,11,9,0,17,2,0,100,0,27,13,17,0,0,30,19,52,19,62,13,0,46,59,32,16,56,8
2019-08-11,36,35,44,44,34,38,11,14,2,30,24,29,23,23,49,20,29,35,17,20,30,0,22,32,43,8,21,0,20,27,3,0,0,36,3,12,39,41,9,20,3,37,21,33,5,5,15,52,21,47,73,14,12,27,56,17,45,34,19,10,30,7,31,38,15,5,22,9,3,27,25,23,20,45,7,67,21,4,22,70,25,0,100,0,54,67,25,53,20,3,23,0,15,42,21,0,21,18,15,7,14,22,47,15,40,0,60,8,14,13,11,13,12,17,11,0,79,0,18,13,8,0,12,97,42,84,75,76,14,0,49,57,38,16,46,12
2019-08-18,15,28,15,31,0,19,27,5,2,32,37,14,25,26,21,10,100,0,29,19,0,0,17,26,37,8,12,0,24,32,3,0,11,70,3,12,24,37,6,22,6,41,33,45,23,23,10,45,30,47,68,9,2,44,68,7,36,22,9,25,20,5,51,57,17,13,28,9,2,57,27,14,14,40,7,65,10,6,5,24,15,0,53,1,42,60,20,35,20,10,23,0,37,41,15,5,5,16,15,4,16,53,25,10,54,0,29,8,9,6,11,4,11,31,6,73,59,0,13,0,32,0,3,46,46,80,46,56,11,4,58,26,42,12,37,15
2019-08-25,31,24,58,49,0,0,16,9,3,47,31,17,31,20,14,10,43,0,39,15,22,20,27,48,42,8,19,0,22,21,5,0,22,18,5,3,22,26,4,10,3,26,42,49,10,10,10,45,25,12,64,4,64,27,86,14,23,36,28,8,39,4,51,56,9,1,4,4,2,49,46,11,13,49,0,33,0,5,27,48,24,0,46,7,35,48,9,24,0,20,13,0,39,27,42,3,10,15,22,7,7,18,21,20,24,23,49,28,11,13,4,9,6,28,11,18,59,0,15,13,16,0,3,60,65,77,49,72,12,7,34,56,33,16,51,19
2019-09-01,20,33,29,24,0,28,16,26,4,30,35,28,19,5,12,14,14,0,34,15,0,13,19,30,87,15,16,0,20,47,3,0,44,17,3,0,8,29,7,31,6,10,41,43,7,7,18,34,25,58,56,9,31,44,61,7,32,31,18,10,19,8,51,75,11,5,21,4,6,40,27,19,9,35,14,73,5,7,5,31,20,0,45,3,26,47,13,100,5,10,15,0,47,68,25,0,10,19,7,11,7,22,17,15,56,0,24,13,18,8,14,4,17,100,34,0,70,0,19,50,47,0,21,56,69,88,46,56,11,4,48,52,27,13,37,26
2019-09-08,40,20,7,30,34,37,24,16,3,49,33,31,25,30,14,5,0,34,22,17,7,32,29,44,69,13,11,0,22,21,4,0,55,17,6,0,14,44,4,31,6,15,21,32,10,10,13,30,35,12,67,4,19,13,36,12,14,19,27,13,10,6,54,56,14,3,14,21,4,40,29,15,9,57,0,64,25,10,16,20,31,0,42,3,44,47,20,99,10,10,18,0,41,41,20,0,15,19,7,12,8,61,22,12,55,0,39,21,14,12,14,17,17,31,13,0,72,0,11,13,8,0,6,84,64,41,33,76,12,22,38,39,30,13,26,30
2019-09-15,20,29,22,55,34,28,21,12,7,35,30,18,22,30,14,14,0,0,22,17,36,20,7,42,55,3,16,0,41,10,3,0,0,35,3,9,24,35,7,22,6,36,41,36,10,10,11,41,20,47,43,18,14,27,74,7,28,45,9,33,10,10,27,94,20,5,28,17,6,40,15,17,10,40,14,44,31,4,5,27,11,0,31,3,28,47,29,59,0,20,10,0,38,27,51,0,15,29,7,8,24,57,14,17,61,0,34,14,7,2,36,4,23,30,13,36,79,0,9,38,16,0,12,35,55,61,43,61,10,18,58,60,25,15,29,11
2019-09-22,35,18,7,18,0,27,18,7,4,32,30,16,24,49,7,14,0,0,19,13,14,13,10,26,51,13,13,0,23,37,14,0,33,0,6,0,14,46,5,23,0,41,45,38,15,15,21,43,36,57,47,22,6,26,78,60,24,35,9,20,29,10,44,24,6,5,7,17,7,37,19,19,12,41,7,61,15,2,0,10,4,0,31,3,20,18,47,32,10,10,17,0,31,40,36,0,20,16,0,9,9,43,11,19,64,0,39,23,9,5,18,4,11,13,17,0,49,0,9,12,23,0,9,34,31,48,24,51,9,7,23,42,28,10,39,7
2019-09-29,40,30,7,18,0,55,18,23,4,27,34,23,20,67,13,19,0,0,34,17,0,19,22,2,41,10,11,0,25,32,8,0,65,35,6,21,18,44,6,19,12,41,33,35,5,5,17,40,24,68,63,9,13,16,36,23,38,19,9,12,38,8,44,31,14,5,21,13,5,29,34,14,14,45,7,32,15,5,5,27,16,0,55,1,20,59,32,17,0,20,4,0,29,40,26,3,5,15,64,8,11,22,11,20,45,23,29,19,16,5,11,4,6,34,17,0,35,0,10,0,23,0,12,28,54,57,36,46,11,7,75,38,24,13,29,11
2019-10-06,35,25,14,12,100,46,29,16,4,23,48,32,26,35,22,19,14,0,24,13,0,6,10,61,73,13,23,0,19,10,7,6,22,68,9,0,10,49,3,7,9,5,33,39,18,18,17,40,32,34,56,26,15,13,72,16,33,22,54,17,10,8,36,31,40,6,17,13,3,42,27,22,10,37,13,48,15,7,0,10,11,0,28,3,26,23,14,39,10,39,7,0,26,0,15,0,10,14,7,2,7,26,9,27,58,0,19,15,13,9,32,17,17,12,30,0,49,0,9,100,23,0,6,14,9,46,42,57,12,0,33,30,24,10,42,30
2019-10-13,24,28,21,41,32,36,25,7,5,28,52,28,28,17,35,9,0,11,5,13,0,0,14,34,40,2,34,5,17,20,12,9,21,17,4,11,10,37,3,44,15,15,32,43,20,20,10,29,33,33,100,21,9,19,29,29,24,21,35,22,37,5,52,36,19,5,17,20,4,41,26,14,13,40,13,16,15,4,16,26,16,0,33,2,28,40,19,39,0,32,20,0,21,13,5,3,10,16,28,6,11,17,17,19,46,66,52,21,9,15,24,12,11,21,39,0,42,0,8,12,15,0,3,30,61,55,23,53,9,3,41,54,20,13,28,11
2019-10-20,34,69,20,29,95,88,12,7,5,36,47,39,29,62,15,18,0,0,25,12,14,18,14,20,39,2,29,10,17,15,10,11,31,0,15,8,19,74,4,18,6,29,43,41,14,14,21,35,57,77,95,25,4,3,29,29,35,24,17,14,18,5,73,76,8,7,13,32,2,40,26,17,10,48,19,61,14,5,10,32,31,0,16,0,26,50,18,18,23,25,16,0,20,13,14,0,5,20,27,5,12,62,31,25,48,22,46,57,6,19,10,12,16,14,28,0,57,0,7,48,37,0,11,36,35,39,40,59,11,7,41,16,20,27,27,39
2019-10-27,19,67,20,46,32,44,13,13,2,39,42,41,40,31,9,5,27,21,28,19,7,12,12,43,35,5,24,100,26,25,20,10,52,0,10,14,26,40,7,25,6,10,24,27,15,15,10,61,29,0,62,4,2,19,17,31,30,47,78,14,28,7,45,47,8,5,27,8,3,45,24,19,12,52,6,19,5,6,10,77,26,0,20,2,45,22,14,43,28,28,10,0,18,13,24,0,5,20,21,12,16,33,16,44,66,22,28,31,15,10,10,4,22,13,35,34,64,0,7,0,22,0,17,13,39,52,26,66,10,0,54,41,17,16,30,18
2019-11-03,53,57,21,6,0,53,22,29,3,38,38,25,52,38,11,27,0,11,32,13,14,18,35,24,48,19,22,34,17,10,16,12,84,49,7,8,15,30,18,52,15,19,20,55,25,25,14,26,37,22,79,21,9,13,69,9,23,37,43,41,18,5,43,35,14,5,30,40,7,41,30,33,19,100,26,61,19,2,25,58,23,0,36,4,36,44,8,27,9,44,8,0,24,39,39,0,0,23,62,19,14,37,16,12,57,0,18,16,15,22,30,12,0,14,50,34,59,0,18,24,37,0,14,60,17,81,14,46,10,10,32,65,17,21,35,32
2019-11-10,15,27,7,12,34,74,26,5,4,30,33,24,22,35,18,24,0,0,29,10,7,0,22,9,36,3,8,42,17,41,25,8,22,0,11,15,37,21,42,29,12,25,12,32,16,16,21,47,28,46,69,31,12,13,55,16,14,30,27,10,10,5,36,31,11,6,28,13,5,35,23,22,15,31,14,40,5,7,16,47,26,0,42,3,26,46,16,54,10,33,8,0,18,0,10,0,10,14,29,23,6,21,15,10,34,46,24,13,7,6,18,17,23,20,27,18,37,60,8,13,16,0,9,46,46,30,31,34,8,18,52,13,33,20,26,11
2019-11-17,14,36,27,12,32,44,40,20,2,21,25,23,24,34,11,5,0,11,25,11,7,12,14,18,44,17,16,24,17,15,13,11,32,49,4,0,17,27,29,30,3,19,27,34,6,6,11,36,21,0,55,21,18,13,52,4,22,13,26,5,19,7,17,35,16,1,20,16,3,38,16,22,11,56,6,61,10,5,36,100,14,0,56,2,22,67,34,43,23,35,10,0,15,13,39,0,10,14,48,52,9,29,16,7,23,0,28,31,13,9,17,33,5,14,42,0,37,52,10,36,37,0,28,50,17,49,23,41,7,0,50,16,19,16,25,11
2019-11-24,24,30,20,6,0,52,46,7,3,48,26,28,24,67,14,27,0,0,20,21,0,12,9,17,17,7,10,26,13,24,19,5,31,48,6,6,11,48,26,20,9,9,38,41,8,8,15,19,31,22,69,21,16,19,29,11,25,26,43,14,28,7,31,41,21,7,36,20,5,30,31,37,14,25,13,30,14,15,25,89,19,0,59,1,31,22,18,27,14,16,8,0,16,0,24,3,5,15,20,49,15,32,10,34,41,0,54,30,9,9,10,25,11,13,55,0,27,28,9,36,15,6,6,30,26,15,29,64,10,17,54,20,27,18,52,28
2019-12-01,44,51,7,36,0,45,46,11,3,30,38,20,24,69,17,19,0,0,40,13,7,6,21,34,58,20,14,51,14,15,31,9,54,100,12,0,23,45,24,35,15,25,36,58,9,9,15,20,60,45,26,17,17,26,53,25,31,43,53,20,76,5,35,42,22,8,24,29,3,34,28,30,29,55,0,47,5,4,36,46,38,0,58,5,32,34,16,36,5,42,7,0,23,13,30,0,25,14,21,100,21,38,27,26,64,0,37,26,4,6,31,13,0,11,45,0,31,29,37,25,23,0,17,82,36,29,24,78,9,14,28,33,50,28,31,7
2019-12-08,42,36,44,12,69,86,38,14,4,65,33,21,17,65,24,35,29,12,50,14,0,13,5,14,61,47,15,37,24,22,28,18,34,35,2,3,20,53,16,39,29,37,30,31,11,11,7,21,57,36,28,27,26,17,44,24,31,71,19,18,10,7,58,44,15,11,4,17,3,30,15,47,26,47,42,62,10,10,28,35,27,0,78,4,24,84,21,36,10,17,10,0,21,28,21,0,100,17,7,89,24,71,22,55,47,94,30,20,9,18,44,31,29,31,66,37,20,31,24,39,24,0,24,61,9,14,22,53,9,7,69,44,68,29,22,15
2019-12-15,32,43,15,38,0,48,24,14,3,52,30,21,27,52,13,30,0,0,27,18,0,7,18,19,71,50,22,29,25,27,26,11,57,53,13,3,25,52,20,50,13,37,30,52,15,15,7,70,66,12,28,27,42,45,51,100,42,92,76,55,61,4,65,39,30,4,51,31,2,41,25,33,32,39,28,58,5,6,17,67,27,0,54,3,26,67,60,45,0,27,10,67,19,14,32,3,69,16,45,66,31,58,18,18,53,72,40,16,12,8,22,18,18,24,68,19,37,31,38,13,16,0,6,76,90,20,25,52,10,11,15,36,55,23,36,16
2019-12-22,25,18,9,23,0,46,23,23,2,100,25,20,22,37,10,24,0,0,30,13,0,16,21,29,45,25,23,34,12,26,13,8,0,43,6,4,12,50,14,35,11,38,25,18,16,16,20,46,38,14,26,16,33,70,0,46,13,38,23,12,48,2,41,46,18,10,4,16,2,20,32,28,25,35,25,65,19,8,33,58,48,0,30,5,15,22,33,16,6,25,6,21,18,50,38,3,44,9,18,29,21,43,21,21,33,0,24,10,20,10,22,21,7,14,47,0,34,15,26,47,19,0,18,48,56,24,15,40,6,4,29,48,27,18,42,14
2019-12-29,47,30,17,21,0,54,22,16,2,83,27,26,34,32,13,28,33,0,28,6,25,30,17,17,22,39,15,32,13,18,26,8,13,20,5,7,30,40,12,59,22,24,53,24,10,10,15,32,68,13,31,21,27,35,50,14,49,74,21,15,34,2,31,50,20,6,12,20,2,37,28,26,21,25,24,62,0,6,13,55,41,0,36,0,17,69,54,28,6,23,7,63,14,47,12,15,54,14,25,31,32,36,20,23,39,53,11,23,34,17,29,30,13,23,37,0,14,42,33,0,27,0,24,45,48,25,18,37,8,4,39,30,28,22,46,13
2020-01-05,93,38,22,6,34,56,42,9,3,63,27,28,39,69,17,29,0,11,65,11,0,26,5,33,64,61,25,54,33,0,22,7,11,34,12,6,38,44,19,29,16,15,29,38,14,14,18,55,61,59,27,36,49,54,31,10,47,62,65,41,30,7,52,19,38,12,25,22,4,54,34,35,33,33,0,76,10,12,16,55,24,0,53,7,26,94,48,24,10,40,9,100,27,69,36,5,89,19,15,41,41,82,22,17,59,23,58,15,21,12,7,26,6,28,68,18,31,55,53,26,40,0,9,57,42,19,31,37,10,4,48,48,26,29,70,46
2020-01-12,86,42,34,17,32,52,27,13,4,49,27,25,33,97,16,81,0,0,43,12,7,6,16,26,47,52,28,39,23,29,45,10,62,48,10,0,35,57,20,31,17,33,69,28,15,15,17,64,55,43,38,41,100,50,51,31,31,47,69,61,18,4,51,52,27,12,13,20,4,73,49,34,28,55,25,49,9,5,60,76,43,0,56,10,25,44,61,16,9,22,17,41,21,25,14,5,24,15,34,28,37,36,23,18,89,0,50,11,23,6,37,45,5,37,50,85,32,28,42,35,29,0,28,76,39,39,63,40,10,17,58,36,53,25,40,28
2020-01-19,49,45,63,53,33,36,30,20,1,56,27,24,29,95,7,93,27,33,19,12,0,19,14,18,80,37,31,27,30,20,37,10,64,67,12,3,42,49,24,23,6,30,36,35,10,10,13,43,56,45,37,51,49,52,24,23,38,43,44,27,19,5,73,12,39,100,37,37,4,41,53,31,28,30,7,27,30,6,83,46,56,2,81,7,28,23,61,21,19,16,7,46,51,13,25,0,30,17,56,37,35,72,15,33,61,22,33,24,20,9,21,42,33,37,82,18,29,41,100,61,15,0,31,58,44,34,44,92,10,3,65,50,53,27,46,22
2020-01-26,53,32,55,41,96,53,32,20,4,36,37,14,14,82,9,41,0,0,44,9,20,19,19,31,35,34,19,55,31,15,30,14,21,0,10,17,19,56,26,34,12,15,31,39,11,11,19,32,53,22,18,46,24,51,46,38,52,63,70,31,28,5,28,41,32,31,17,40,3,46,49,33,35,52,26,38,10,7,15,58,23,2,46,4,28,56,31,41,19,32,10,68,32,65,29,5,34,21,55,47,33,45,13,28,51,0,51,20,30,4,34,66,32,31,57,0,34,75,55,0,0,0,22,53,17,31,35,63,12,17,36,41,47,47,65,11
2020-02-02,38,51,48,17,0,61,34,9,2,39,35,27,28,100,5,45,26,0,29,19,7,18,7,15,39,38,20,31,22,0,100,16,0,48,6,3,56,33,21,45,6,14,31,34,17,17,9,26,48,11,25,25,33,50,29,18,42,55,52,21,28,3,17,23,35,34,20,8,21,45,34,31,35,70,32,57,14,6,50,45,37,37,43,12,27,50,33,53,9,50,8,32,20,13,57,0,19,31,34,53,49,41,19,7,36,22,45,18,26,10,13,20,0,23,54,0,35,11,51,0,15,0,36,30,52,21,35,60,11,0,54,57,41,33,35,46
2020-02-09,42,65,46,11,62,68,14,6,3,35,36,21,70,76,11,58,13,0,55,11,7,30,7,37,21,26,12,31,20,14,50,9,30,0,7,5,31,44,28,22,3,28,46,29,14,14,11,25,43,53,30,24,20,46,61,11,37,33,17,25,27,3,60,46,18,29,26,4,32,42,58,27,62,42,19,30,14,7,40,44,36,30,38,5,28,54,30,22,13,12,14,75,21,0,42,0,28,18,26,42,44,32,16,16,47,0,40,14,27,14,23,44,21,25,100,33,30,22,45,23,43,0,24,42,25,20,28,55,10,7,18,31,37,43,41,31
2020-02-16,46,64,39,28,0,84,36,13,2,39,32,7,41,57,14,66,0,10,35,11,13,6,11,19,42,23,13,28,17,14,27,7,0,31,20,11,36,31,25,35,3,46,26,36,9,9,10,43,48,21,23,12,16,55,17,19,46,48,42,14,44,5,41,23,21,30,25,12,20,61,42,28,38,24,31,22,5,6,5,34,18,15,32,5,32,27,100,10,4,21,8,68,30,0,32,7,9,26,46,26,48,28,35,22,59,21,31,10,31,10,26,79,31,23,64,49,29,27,47,11,21,0,48,38,21,35,33,45,10,10,26,12,36,61,36,27
2020-02-23,24,100,28,18,0,9,23,4,9,30,28,27,52,36,10,37,0,0,30,17,0,6,30,14,35,10,19,19,21,20,30,4,53,17,3,9,26,36,42,23,3,5,12,47,11,11,11,33,55,100,20,30,24,45,41,11,41,29,18,10,28,11,29,42,25,17,7,0,14,64,62,29,33,59,6,54,5,6,0,16,25,9,23,0,26,28,41,15,0,19,16,33,20,13,44,0,10,26,35,26,39,33,16,30,39,0,23,9,15,21,17,100,11,23,57,0,23,12,35,12,23,0,17,37,22,21,32,42,14,0,41,16,37,56,33,22
2020-03-01,35,81,37,5,0,56,25,32,12,41,50,39,60,50,9,17,0,59,38,24,12,17,8,24,36,11,18,14,25,14,39,5,19,15,7,5,24,42,100,25,5,31,11,55,8,8,9,59,54,10,23,46,25,41,69,18,61,46,40,44,25,20,26,38,30,11,100,15,100,58,44,37,35,66,18,45,4,3,23,35,37,14,45,6,35,46,40,43,4,77,12,38,22,23,22,30,22,30,38,41,49,34,34,53,29,20,25,28,29,19,22,49,35,32,89,0,30,26,36,11,14,0,15,43,59,54,40,58,14,6,58,41,50,57,80,39
2020-03-08,75,82,25,16,29,81,23,35,32,59,84,89,87,39,15,25,0,29,65,20,12,23,15,27,28,35,37,22,29,32,47,15,96,90,4,5,62,97,65,48,14,40,43,96,17,17,17,62,100,50,25,35,25,61,80,27,100,77,40,35,76,41,57,43,40,24,58,18,48,100,100,41,47,90,18,67,13,3,5,89,74,6,67,9,57,66,53,36,13,78,10,71,43,24,49,9,27,100,50,33,100,53,24,57,63,20,55,39,55,35,31,60,54,42,57,0,43,42,46,66,27,0,31,55,64,43,45,85,27,28,42,34,75,79,60,46
2020-03-15,100,89,31,16,58,48,69,20,65,54,82,67,69,41,15,50,12,58,42,24,12,17,17,27,56,22,22,17,19,50,34,13,28,15,17,31,41,74,74,39,13,9,36,77,25,25,14,55,84,89,18,45,23,95,42,12,80,45,39,30,75,100,33,58,24,12,48,47,30,89,83,31,36,60,12,49,22,6,9,58,62,14,36,6,57,10,44,32,34,51,12,79,29,58,62,27,22,77,31,25,63,30,19,87,89,39,34,30,33,29,44,30,29,25,50,0,31,26,28,22,40,0,18,81,63,37,29,65,20,15,45,26,94,64,34,39
2020-03-22,39,62,19,16,0,87,65,24,54,62,100,82,52,41,12,70,36,0,39,19,0,33,27,28,43,22,22,43,21,49,27,11,47,30,22,31,39,77,72,43,3,31,32,82,27,27,30,29,76,30,20,49,26,60,26,8,69,76,39,30,100,92,43,53,39,18,42,33,28,89,72,34,25,45,12,83,92,4,60,26,70,12,39,9,38,40,40,26,21,71,10,49,26,23,35,50,35,60,25,36,56,60,28,86,54,20,29,38,43,28,43,33,10,18,44,31,31,15,33,0,47,0,48,42,47,49,52,90,16,12,20,18,67,62,77,42
2020-03-29,29,50,0,25,27,23,70,27,46,38,74,56,66,39,6,55,23,18,57,25,6,5,18,17,41,12,11,34,14,42,26,37,27,70,16,5,43,65,59,66,10,12,47,41,25,25,19,41,61,66,16,29,22,65,25,6,55,34,67,29,48,57,44,25,30,8,54,49,22,83,56,32,44,59,28,62,53,10,65,28,54,4,71,23,37,38,42,14,12,68,12,47,16,11,66,43,13,46,29,20,60,49,5,45,41,19,35,73,35,53,23,28,5,16,43,44,45,25,24,51,32,0,26,46,60,51,37,60,13,12,39,63,49,46,47,43
2020-04-05,41,45,29,25,55,30,60,28,36,25,69,67,33,35,5,32,0,0,57,24,0,47,18,33,15,21,21,41,23,52,14,25,54,42,8,7,26,41,45,51,5,8,64,56,14,14,15,25,58,9,19,54,14,46,25,4,50,22,52,39,47,48,39,40,32,16,34,31,23,56,46,32,33,77,11,83,29,4,40,19,37,11,42,15,27,48,45,18,8,56,8,22,12,0,50,45,12,40,53,35,66,39,19,34,69,19,24,100,22,32,26,53,14,16,49,29,52,10,25,20,38,0,29,48,52,35,32,61,11,23,39,21,52,36,30,52
2020-04-12,41,62,29,15,0,15,60,32,36,37,64,67,59,41,3,47,23,0,57,19,24,32,30,46,38,25,25,29,22,56,17,31,27,14,10,15,34,47,52,53,15,21,44,52,21,21,31,58,47,28,28,39,17,49,35,25,46,36,59,22,63,36,49,50,12,21,31,45,23,48,50,32,38,53,22,43,58,3,13,28,48,6,28,20,24,39,43,18,40,81,6,30,23,11,13,32,25,38,29,24,47,43,12,46,39,56,24,46,33,21,26,32,28,16,47,0,38,20,28,20,32,0,29,37,52,44,25,58,12,15,85,17,60,39,28,40
2020-04-19,29,45,0,30,0,30,71,29,25,41,70,77,32,37,9,43,12,18,53,19,6,32,34,48,19,17,19,38,16,43,20,19,36,14,19,24,32,43,35,67,5,33,51,67,16,16,29,39,40,19,13,58,8,55,20,4,40,43,15,27,32,29,24,66,21,8,37,28,27,44,32,21,41,43,44,56,37,6,44,33,45,8,23,15,36,24,22,21,44,100,9,30,17,11,42,41,25,38,24,21,55,39,17,36,26,75,16,79,41,38,32,25,28,20,28,29,48,10,24,21,38,0,22,69,33,36,20,66,9,3,4,10,56,30,34,34
2020-04-26,46,46,24,10,28,30,79,29,28,39,75,85,51,54,5,23,23,0,27,18,6,0,20,50,19,10,23,50,26,43,20,28,100,28,9,12,37,90,36,73,15,25,50,37,20,20,83,39,34,38,27,54,11,36,60,10,41,23,30,25,8,30,27,51,16,19,63,35,33,59,45,25,29,47,44,72,29,6,31,14,42,17,54,15,26,19,36,18,44,68,13,45,14,22,4,26,4,28,30,50,38,46,14,67,40,0,24,39,56,25,26,32,33,17,42,15,34,25,27,21,32,0,43,58,45,25,13,67,10,6,20,56,87,42,35,43
2020-05-03,16,45,17,24,0,15,61,17,29,36,73,100,50,76,6,46,34,0,50,16,6,21,23,100,37,10,16,40,23,59,19,24,35,42,4,26,24,48,33,65,0,20,36,42,15,15,63,59,48,0,26,56,6,27,24,7,52,15,15,26,15,30,45,30,11,14,42,27,22,42,41,28,22,77,11,58,45,10,30,30,49,6,30,18,32,24,35,10,23,47,11,51,22,43,57,34,33,26,34,24,32,35,26,23,13,55,16,40,34,21,20,24,63,16,55,14,45,19,25,50,25,0,82,47,33,22,7,57,9,29,19,38,68,32,61,36
2020-05-10,45,40,0,15,0,67,29,20,32,44,60,77,48,70,6,8,11,0,42,42,6,5,33,47,18,16,13,35,21,29,29,20,53,41,20,12,22,41,27,58,10,4,23,54,11,11,59,57,25,28,22,14,5,53,39,2,54,31,29,20,23,27,53,50,14,28,31,34,41,45,47,37,24,47,32,97,12,10,56,38,44,4,50,18,21,38,43,21,20,56,11,35,12,11,33,57,16,32,29,26,34,45,24,18,33,0,31,35,42,28,32,10,73,18,56,29,45,0,22,60,44,0,56,59,47,39,27,51,10,9,30,34,67,32,48,24
2020-05-17,28,41,46,24,0,52,93,17,50,47,64,75,57,86,8,49,44,0,28,23,22,15,48,66,36,8,20,68,20,25,20,33,26,13,8,9,20,52,28,93,10,24,45,33,14,14,43,40,31,46,28,53,15,37,39,9,62,37,29,20,8,30,66,84,25,33,58,20,32,36,43,44,37,59,11,54,52,3,29,27,100,9,44,24,21,14,60,24,39,37,4,32,13,32,28,78,8,28,11,28,42,14,20,27,42,55,19,41,29,23,20,45,45,18,58,14,48,24,16,40,50,0,28,42,58,37,22,62,13,11,38,31,53,34,29,57
2020-05-24,50,65,12,35,27,23,88,29,41,37,97,72,54,62,8,63,23,9,49,19,12,5,30,62,49,38,21,86,20,17,24,31,81,28,8,17,34,53,31,100,13,17,37,58,13,13,61,44,42,28,25,58,13,33,40,6,55,20,67,16,56,28,59,51,16,34,54,45,36,33,44,43,29,57,22,66,75,7,31,25,60,17,28,57,45,53,46,39,56,54,8,36,16,11,54,48,21,26,41,35,38,61,23,10,49,0,72,52,31,30,26,42,32,14,56,0,62,10,21,41,45,0,50,63,45,40,7,84,12,9,47,35,77,39,82,46
2020-05-31,63,61,28,24,0,51,88,36,57,50,79,90,61,89,14,60,22,9,47,24,100,35,70,65,43,20,25,69,28,49,33,57,69,13,11,16,100,59,73,86,24,59,64,54,8,8,97,42,45,27,54,86,36,79,48,9,59,52,100,26,38,52,58,97,27,28,63,86,54,48,86,58,53,68,42,100,35,4,100,21,78,21,33,63,36,82,54,30,42,49,9,50,25,74,32,58,32,32,28,58,38,54,39,26,64,54,23,67,23,24,30,54,40,17,79,14,67,28,50,39,61,0,55,63,100,32,21,85,13,14,90,64,84,35,56,100
2020-06-07,45,40,29,63,27,30,100,21,100,33,63,56,55,57,10,66,34,9,33,23,12,16,100,46,48,17,26,40,19,30,22,40,44,28,17,12,46,67,57,48,5,37,17,41,8,8,100,54,35,46,37,25,14,21,29,8,31,38,51,26,23,66,38,45,2,31,17,78,56,28,41,39,39,37,11,55,33,15,100,24,43,7,25,49,27,62,33,28,47,69,12,33,24,44,58,26,29,20,46,45,47,53,15,32,50,0,43,16,24,28,23,28,37,15,55,29,32,5,39,61,44,0,40,51,66,31,20,67,10,23,54,76,55,29,49,54
2020-06-14,21,54,24,30,27,61,74,10,57,37,63,61,71,60,11,58,23,9,25,15,6,11,48,43,30,14,34,27,100,38,15,27,45,42,12,22,51,46,40,55,13,41,27,35,20,20,82,55,37,19,55,40,25,41,65,15,32,43,82,14,16,43,59,76,14,25,31,63,47,44,48,33,37,41,11,71,20,16,35,22,51,13,40,46,30,47,32,27,76,43,13,39,37,55,25,33,13,22,59,26,42,45,24,37,49,19,66,23,28,24,29,14,28,15,43,59,32,15,23,21,38,0,48,46,67,29,10,56,10,15,31,46,57,25,15,43
2020-06-21,54,57,18,50,55,46,45,21,48,59,50,57,45,54,15,75,12,19,36,15,35,32,54,33,45,4,56,46,72,26,18,35,46,14,16,47,23,31,31,53,8,17,51,54,12,12,60,20,42,67,51,69,16,39,30,6,54,46,53,27,32,39,59,97,14,32,38,53,56,51,39,28,31,45,28,46,21,17,48,14,33,26,20,31,27,10,19,18,57,41,9,22,37,34,38,26,21,21,36,26,22,50,15,26,30,0,28,13,37,64,100,36,9,16,35,60,33,45,30,93,52,0,61,75,87,27,40,62,8,6,31,50,45,36,24,43
2020-06-28,89,48,36,20,56,31,57,22,37,48,63,58,41,38,11,100,82,9,30,23,12,16,57,41,50,15,27,44,55,22,11,45,28,0,17,5,40,51,29,64,13,25,58,61,12,12,74,46,59,39,83,100,15,65,20,6,38,91,54,19,74,33,58,36,12,50,59,50,96,36,35,30,100,33,11,30,17,31,58,17,36,63,17,40,25,54,33,38,62,67,7,28,26,23,47,38,22,23,42,32,19,50,19,34,53,0,64,21,32,36,48,22,71,20,42,45,31,40,10,11,39,0,74,53,100,18,13,67,9,21,48,47,52,42,33,47
2020-07-05,56,44,18,52,57,87,61,36,34,58,68,75,49,56,12,62,0,0,29,17,25,11,50,68,83,24,48,64,40,49,11,68,9,59,13,20,61,42,72,78,11,13,85,62,21,21,73,38,55,49,80,60,28,91,41,8,52,52,39,21,8,30,58,58,19,38,33,47,57,45,32,26,90,26,69,97,30,22,46,23,52,63,38,47,39,55,28,44,58,82,7,40,26,69,52,20,31,20,43,30,20,48,41,23,37,20,75,26,19,32,18,22,5,16,47,15,23,31,15,53,60,0,65,93,54,33,18,42,8,6,41,88,55,33,25,32
2020-07-12,48,78,25,21,87,24,80,16,41,58,53,55,51,61,18,59,62,0,36,22,6,11,61,57,28,2,40,57,51,9,14,61,19,30,15,15,33,68,65,95,5,36,72,63,29,29,74,44,48,30,77,46,27,95,47,8,33,55,47,26,17,21,80,70,17,31,39,84,52,32,36,31,69,32,41,74,4,23,99,6,53,38,42,71,28,41,26,22,21,80,17,50,22,47,18,32,44,18,37,23,24,34,15,28,38,0,59,42,41,48,41,15,20,11,35,16,32,5,12,43,61,0,48,100,71,40,13,56,11,3,82,44,68,39,39,68
2020-07-19,27,73,6,21,0,24,62,14,34,74,58,70,54,31,6,68,86,20,32,24,13,17,49,72,93,25,19,59,43,37,6,67,39,45,9,10,45,25,36,65,19,31,40,58,20,20,70,42,55,51,87,58,32,68,16,6,54,37,64,13,9,21,58,38,23,38,83,67,52,40,38,29,62,50,54,78,31,17,56,15,60,30,24,100,39,57,32,23,17,85,14,39,61,36,40,40,63,25,57,47,22,38,89,28,45,20,47,19,28,37,31,50,40,17,37,63,34,21,10,33,55,0,46,68,56,31,19,37,10,19,76,34,100,92,51,33
2020-07-26,67,77,69,27,29,49,40,27,31,45,73,73,53,93,8,41,12,0,54,21,18,6,49,46,31,15,25,49,58,9,16,100,68,29,40,18,39,46,34,65,3,35,56,100,9,9,59,54,50,81,57,35,17,41,32,2,65,53,24,18,43,22,47,33,22,27,77,60,37,61,33,25,28,38,18,86,13,14,32,18,44,45,52,75,39,75,29,34,39,67,12,83,100,24,57,47,27,20,63,28,20,15,16,31,57,20,25,76,56,36,21,45,40,7,29,16,14,16,15,0,41,0,54,40,36,12,8,57,12,32,29,30,66,64,18,30
2020-08-02,66,71,38,16,29,73,34,32,28,64,76,74,100,53,8,67,0,10,40,25,6,6,96,34,52,13,27,34,49,41,11,98,29,30,13,10,38,32,35,48,11,79,36,57,21,21,57,53,51,20,81,23,12,49,37,4,49,29,48,26,34,16,55,27,10,25,37,100,44,56,50,22,34,36,6,59,22,10,19,35,39,52,30,65,32,51,18,13,77,69,3,32,64,59,57,28,36,23,63,30,34,26,18,8,38,0,25,35,57,30,15,23,45,27,22,0,19,16,9,88,54,0,94,58,48,12,27,40,12,16,66,26,57,40,28,23
2020-08-09,82,53,18,47,29,55,49,16,40,57,59,69,81,39,4,66,60,0,39,31,12,11,77,56,55,22,25,52,30,27,14,58,19,29,13,15,35,40,28,59,5,30,32,65,21,21,57,58,36,69,49,60,10,100,36,2,37,45,39,9,33,27,33,32,15,58,21,40,40,41,24,31,45,50,17,89,22,100,41,29,44,41,65,42,33,70,45,20,46,65,3,67,48,23,30,27,39,19,49,27,19,78,15,50,43,20,21,26,27,32,24,22,100,28,54,15,22,10,7,43,100,0,100,42,31,28,5,41,10,15,8,33,76,41,22,35
2020-08-16,46,50,48,40,0,38,45,8,24,46,58,61,75,50,9,40,46,19,28,17,18,0,84,50,26,27,33,43,27,39,12,74,18,14,5,12,21,41,21,46,5,42,14,52,21,21,45,36,28,29,54,44,19,58,25,6,23,50,53,21,40,21,30,72,14,35,40,42,38,46,42,27,56,63,22,50,17,28,80,25,24,19,14,42,42,34,28,16,65,38,3,28,34,22,55,18,21,17,30,20,21,32,18,24,28,0,20,17,26,50,91,25,42,15,18,0,34,15,22,42,45,0,51,49,34,41,43,51,9,6,35,35,54,44,11,28
2020-08-23,26,50,43,62,28,31,78,12,22,51,60,71,67,23,9,29,12,10,29,15,0,5,47,30,27,11,21,40,31,40,17,55,37,15,20,13,27,38,22,49,11,52,42,59,23,23,34,40,43,39,57,37,18,23,36,6,34,56,23,34,41,17,18,26,22,50,53,36,41,47,32,26,56,35,34,38,17,13,45,37,42,47,32,48,29,55,22,27,12,48,5,72,32,92,43,16,26,16,24,12,27,29,25,19,39,19,62,20,21,53,27,33,29,13,40,15,17,15,21,21,60,0,25,50,23,30,21,42,8,6,8,29,49,30,29,96
2020-08-30,42,46,18,30,0,31,41,19,23,59,60,59,48,27,3,24,35,9,30,12,18,0,61,54,76,8,23,35,26,22,10,62,28,43,13,17,39,30,21,38,3,50,51,36,10,10,60,42,87,29,60,37,16,33,61,6,63,58,8,2,24,22,40,21,21,57,76,64,40,33,39,17,32,42,6,80,25,11,31,23,83,65,70,55,36,53,19,22,33,50,6,37,38,79,38,16,13,14,18,16,21,32,17,14,46,19,36,13,25,35,44,25,14,20,30,0,24,30,6,10,20,0,64,29,42,36,15,55,10,3,28,32,51,22,26,47
2020-09-06,18,51,25,27,88,41,30,12,33,31,48,53,53,33,10,17,0,20,23,13,6,11,55,39,72,11,18,19,21,18,8,42,39,15,3,10,19,28,22,27,8,40,47,33,10,10,43,45,37,20,54,39,10,12,11,4,23,39,32,13,34,17,18,5,17,27,37,33,27,28,33,18,27,25,24,53,13,10,23,12,24,30,27,30,24,36,17,13,9,49,7,30,54,83,40,100,9,19,19,9,23,34,16,30,25,0,8,32,24,19,19,42,20,13,41,0,17,26,4,22,55,0,46,12,28,33,13,31,11,9,13,19,38,23,16,23
2020-09-13,21,62,42,20,84,23,44,6,34,49,54,49,53,53,10,48,59,0,32,17,12,0,73,27,80,9,16,32,30,17,4,49,28,29,8,5,10,45,33,24,3,47,38,48,14,14,47,28,44,29,47,33,48,28,25,2,35,49,31,25,33,20,17,26,29,22,15,50,35,49,24,13,28,24,34,30,21,4,36,11,35,21,44,37,30,20,20,27,16,83,4,17,34,11,30,27,0,17,24,12,19,62,12,41,36,0,24,26,32,30,24,25,33,9,32,0,17,25,9,0,52,0,32,44,23,11,13,44,13,12,40,11,37,26,11,63
2020-09-20,30,48,18,26,28,39,27,16,30,44,58,56,57,30,4,16,24,19,23,13,6,5,62,30,39,9,13,30,32,13,8,35,0,0,4,10,20,29,33,34,5,48,35,39,11,11,74,37,59,19,39,48,26,17,26,2,25,30,15,6,25,19,30,16,10,22,38,43,61,43,33,16,22,24,34,45,22,6,28,20,40,24,38,38,42,50,28,20,66,64,4,29,29,57,39,20,17,16,37,17,17,45,11,100,22,19,12,72,21,37,21,26,24,10,55,15,15,20,7,21,59,0,32,21,38,14,10,28,11,6,36,65,42,30,29,38
2020-09-27,43,37,6,10,0,56,45,14,27,35,57,47,64,47,6,17,0,10,12,13,6,6,42,14,24,2,34,12,23,18,4,29,28,59,5,15,30,42,29,33,3,44,11,35,12,12,46,32,34,10,36,30,18,20,36,2,24,28,23,9,0,17,13,21,10,20,30,44,49,27,27,15,25,37,6,35,31,4,41,20,35,36,6,29,27,20,9,17,17,57,5,38,24,12,61,9,9,17,74,18,17,22,17,61,33,0,25,18,31,34,31,7,5,9,62,0,35,21,8,43,13,0,40,33,39,7,10,30,10,9,33,26,33,30,23,32
2020-10-04,35,56,6,26,0,40,23,6,22,46,55,62,74,59,2,25,0,10,17,21,12,6,44,29,76,7,10,10,27,27,10,29,19,0,7,15,21,36,38,31,19,80,25,47,13,13,62,21,38,40,62,19,15,20,21,4,18,31,40,13,17,17,13,27,7,13,21,41,80,21,23,19,35,17,12,46,22,6,28,21,27,32,21,29,32,10,29,32,21,66,3,47,23,35,18,7,13,16,19,13,16,53,18,45,23,40,21,17,26,20,16,19,25,6,48,31,20,10,5,22,41,0,13,24,20,7,5,41,8,9,21,33,36,52,30,23
2020-10-11,19,47,7,23,64,71,22,11,16,35,34,29,76,53,3,32,27,11,2,17,14,6,26,35,35,14,17,16,22,15,4,37,0,16,6,11,24,58,16,30,30,53,19,38,6,6,31,45,34,22,48,34,26,22,29,2,22,16,44,12,37,16,23,12,14,19,27,37,38,33,17,30,22,21,32,27,34,7,5,16,28,28,20,25,100,22,27,37,28,51,7,39,17,52,19,10,10,9,21,14,18,57,10,51,42,22,50,13,30,10,20,33,11,9,34,0,13,29,8,60,52,25,22,17,13,18,6,28,8,17,23,25,30,51,10,36
2020-10-18,83,54,20,28,0,25,19,100,20,61,48,48,88,23,1,52,13,10,22,19,13,0,44,45,29,9,19,56,34,14,8,38,20,0,4,11,22,48,22,39,28,46,41,49,6,6,44,56,55,42,65,24,44,40,22,4,42,28,25,2,18,11,19,17,8,15,48,19,31,32,34,23,19,16,6,59,46,3,15,9,37,19,19,31,64,74,26,12,27,30,16,34,22,25,23,19,19,16,26,16,17,51,28,42,48,0,48,21,54,27,19,12,26,11,44,0,15,11,5,11,21,36,40,48,37,17,17,35,9,7,17,31,36,100,22,24
2020-10-25,41,60,6,22,0,17,37,27,19,49,47,48,86,39,7,47,12,0,28,22,6,6,61,45,28,4,22,25,44,9,5,47,20,15,14,16,21,39,34,22,11,40,11,35,14,14,66,52,57,10,42,28,49,24,44,0,41,45,41,11,9,20,24,67,8,19,41,50,31,36,26,20,23,29,36,32,9,1,33,6,30,32,31,32,49,41,28,16,88,18,5,34,21,61,40,17,23,15,26,11,17,38,12,66,52,0,30,24,100,36,31,8,10,7,28,0,19,22,4,34,14,24,32,19,82,25,14,32,9,16,4,27,37,48,14,37
2020-11-01,23,39,13,28,61,34,22,11,17,40,44,50,75,53,9,35,0,21,20,14,0,0,49,39,17,9,15,20,23,0,13,29,20,47,8,27,25,32,21,24,9,19,30,46,8,8,48,75,35,32,35,20,44,34,6,11,35,15,42,5,0,17,25,17,13,17,58,35,40,24,18,15,29,14,6,11,33,7,20,12,42,21,19,30,44,5,27,18,22,33,3,31,18,12,9,5,23,14,26,12,19,44,4,20,24,0,13,11,33,23,7,16,26,13,23,0,6,11,6,46,36,30,24,38,71,37,20,27,8,13,39,20,30,45,19,28
2020-11-08,55,53,19,38,0,100,45,15,31,68,65,66,82,47,4,13,0,10,28,27,6,0,70,61,16,14,40,42,32,0,10,45,60,15,19,35,18,48,38,43,19,55,55,50,15,15,79,73,49,62,48,32,47,18,22,4,36,20,41,23,70,32,16,56,20,15,28,61,32,36,34,23,18,20,79,36,14,6,24,12,58,45,100,44,70,47,32,29,44,27,7,34,24,24,36,19,32,25,6,20,20,62,8,33,35,0,22,16,47,32,19,23,35,12,48,16,15,22,11,57,77,36,68,31,49,20,14,29,10,16,30,46,58,46,19,78
2020-11-15,51,28,24,15,0,16,51,20,31,37,46,58,62,53,9,32,0,9,20,17,6,0,41,42,27,2,26,9,24,9,9,46,9,58,43,100,20,34,39,28,3,17,56,31,11,11,72,48,35,10,42,37,29,39,20,4,24,28,46,15,16,21,23,5,19,12,35,43,24,18,28,23,24,40,34,31,21,10,18,9,34,33,17,40,50,25,25,18,33,36,10,26,23,0,39,22,17,23,12,12,63,37,10,57,45,19,24,18,23,30,12,25,24,8,38,30,10,15,12,11,46,22,44,29,50,11,15,27,11,9,36,14,43,26,11,79
2020-11-22,31,45,100,42,29,56,34,14,25,43,56,48,61,37,4,42,12,0,44,18,6,6,44,43,24,13,18,14,24,23,7,46,86,45,100,67,10,41,45,10,8,31,39,24,10,10,57,56,28,30,27,19,47,29,21,6,27,29,24,17,8,21,8,32,30,16,45,63,32,39,30,23,17,36,35,45,9,3,19,18,13,22,27,38,59,25,23,6,13,40,6,26,38,12,66,37,13,22,44,17,34,53,8,32,61,0,17,13,18,37,22,8,15,12,42,16,13,37,7,33,88,40,46,21,59,14,11,40,14,100,17,33,43,33,89,46
2020-11-29,58,39,44,43,29,24,34,10,40,53,49,33,72,68,4,49,24,0,29,10,12,17,62,84,43,11,29,22,28,13,18,50,48,29,36,68,27,37,55,46,14,22,71,42,12,12,81,62,41,40,46,35,37,29,48,6,45,24,32,9,34,25,18,38,37,27,21,37,30,26,25,22,33,36,41,31,9,3,18,15,24,26,24,41,60,25,13,23,34,41,22,53,34,47,48,14,22,25,6,20,31,33,8,50,53,40,33,21,34,35,28,11,10,13,45,79,31,100,9,0,68,35,62,49,48,24,21,36,13,76,17,26,54,45,41,72
2020-12-06,54,41,45,27,30,0,43,0,28,49,52,50,76,40,5,35,0,0,33,31,20,0,56,77,100,7,35,30,25,24,2,51,59,78,13,42,53,42,39,58,6,32,37,42,26,26,65,85,46,10,33,35,95,24,27,4,28,44,41,18,26,27,16,33,10,14,19,68,39,14,36,22,31,25,66,29,14,1,39,21,25,29,28,30,60,32,22,19,70,24,20,48,45,85,37,19,27,22,64,20,31,28,4,29,73,0,40,19,28,31,29,8,15,11,64,0,21,97,4,56,84,100,42,25,49,12,16,38,13,87,38,11,39,50,26,70
2020-12-13,28,39,26,33,61,8,38,4,23,55,61,39,55,83,3,39,38,0,30,18,6,0,27,59,46,2,26,38,27,33,7,65,30,47,17,41,32,44,44,50,17,32,56,75,15,15,50,84,42,74,28,32,51,34,33,9,31,38,75,7,9,14,35,34,5,21,29,47,30,19,22,17,23,28,74,44,28,4,44,12,24,27,41,54,45,11,26,14,22,36,32,22,54,49,74,10,14,23,13,24,22,31,7,22,51,84,53,17,31,44,36,8,5,12,33,16,10,60,9,57,36,90,62,26,42,25,11,54,12,99,22,16,38,45,22,58
2020-12-20,21,29,8,26,0,29,34,15,25,31,42,24,43,45,4,16,0,12,16,9,15,14,46,33,30,3,15,12,25,6,7,45,23,19,3,31,19,41,33,23,3,27,22,47,12,12,37,72,29,61,16,37,35,11,26,2,26,20,67,8,41,17,19,7,15,16,4,40,25,8,17,13,14,32,21,26,16,3,29,21,16,35,59,26,35,6,13,20,46,17,10,14,23,100,33,3,11,14,53,13,33,33,7,13,43,0,31,6,12,30,31,23,12,7,39,38,6,44,3,0,33,21,28,30,29,9,6,29,12,27,25,9,34,28,100,32
2020-12-27,54,31,15,13,0,20,42,8,15,34,38,31,49,60,6,21,0,12,23,13,23,14,23,33,44,16,14,15,28,11,8,40,48,37,10,35,13,34,27,28,17,0,27,48,4,4,45,51,42,25,6,24,27,32,7,3,38,36,29,16,42,12,10,13,6,17,26,14,37,20,19,5,16,19,22,48,27,8,29,18,24,20,63,23,36,19,12,9,100,32,22,22,21,29,33,11,22,18,23,10,28,23,12,26,47,0,47,4,32,79,19,9,12,10,23,0,6,26,5,27,42,28,22,26,34,3,10,30,9,54,10,14,31,31,51,40
2021-01-03,42,38,0,39,0,9,46,24,20,55,69,55,80,70,15,36,13,42,33,12,13,6,47,46,47,9,29,26,21,15,9,53,31,48,11,44,22,77,41,38,40,38,69,55,14,14,60,66,66,32,16,61,34,37,62,13,42,38,25,100,54,20,36,52,100,28,42,63,35,27,26,16,32,34,100,30,14,1,15,28,53,36,61,41,53,49,19,18,50,61,26,38,35,63,71,10,62,27,100,21,40,36,10,20,56,0,54,14,25,100,30,16,21,12,47,100,17,33,5,0,43,73,41,52,76,13,31,43,17,57,22,16,44,51,68,63
2021-01-10,37,41,13,17,0,17,22,9,23,56,78,22,89,72,9,62,13,21,26,15,7,18,83,47,25,19,30,25,24,10,11,48,41,95,27,38,38,64,49,46,100,37,30,81,18,18,77,100,47,21,18,81,30,25,34,9,23,43,59,79,9,12,38,23,97,27,19,47,27,29,22,19,25,32,37,44,9,2,25,16,32,68,48,44,39,43,13,40,76,33,17,31,28,25,33,27,24,20,46,14,43,16,9,33,49,0,31,23,33,56,33,16,0,11,57,0,15,33,4,23,58,36,32,45,34,23,28,67,18,73,35,20,40,48,60,52
2021-01-17,46,32,33,22,0,25,36,6,14,40,69,39,64,66,11,22,38,10,20,16,7,0,51,41,54,5,25,18,22,19,7,50,40,78,13,38,27,67,33,46,34,42,34,41,22,22,48,74,39,31,16,48,42,24,22,17,13,35,33,27,18,18,33,28,46,9,35,42,28,22,27,14,23,24,25,18,37,2,20,18,20,61,54,63,41,11,20,12,49,18,23,18,32,49,46,17,14,17,46,10,41,55,7,22,46,21,26,12,21,58,42,20,15,13,64,33,17,33,4,23,35,24,56,25,66,25,11,43,16,46,48,27,41,49,48,34
2021-01-24,28,32,7,28,0,9,31,15,20,24,61,26,58,60,15,31,0,10,42,5,7,0,49,34,42,12,15,10,42,14,6,40,30,31,3,25,16,58,32,22,31,28,34,45,100,100,48,53,31,32,23,49,23,21,45,11,21,23,50,9,36,17,16,17,26,10,16,43,81,34,34,10,16,24,31,15,18,8,20,12,27,63,54,31,40,48,14,18,45,18,15,12,35,62,28,2,9,18,20,14,29,28,6,9,24,21,9,11,37,64,23,4,15,8,23,33,11,11,5,0,50,30,38,39,29,3,8,49,12,46,22,12,38,34,39,24
2021-01-31,60,35,0,100,92,0,39,11,20,57,67,51,59,71,7,35,26,21,38,10,20,18,47,41,38,5,20,18,32,10,9,37,20,48,3,30,33,67,27,39,11,14,30,55,74,74,53,78,34,11,28,40,34,21,17,9,29,96,42,7,9,19,25,34,29,8,19,50,45,17,54,15,24,20,19,26,14,0,15,19,29,78,54,27,39,11,19,22,31,21,16,37,32,50,75,29,5,22,53,8,22,100,10,27,42,0,22,14,31,55,23,24,5,15,59,16,13,22,10,0,57,42,32,35,37,12,31,47,19,59,39,27,36,35,87,31
2021-02-07,57,50,15,88,35,10,46,2,17,58,62,36,100,60,8,30,44,0,32,10,15,7,48,44,24,8,26,14,30,32,9,51,11,0,10,37,77,100,38,22,29,100,34,46,37,37,49,38,33,36,34,14,16,45,38,2,29,60,9,21,0,14,28,19,26,11,7,35,33,14,19,17,18,29,35,25,16,4,17,24,27,100,18,34,38,18,27,7,66,27,26,31,29,14,100,27,16,22,45,11,28,63,10,20,60,0,100,12,30,36,52,4,41,9,53,37,31,6,4,39,81,48,97,36,38,11,16,54,15,52,5,9,38,31,41,35
